Site,Region,Band_old,Band,Plot_raw,Plot,SlopeO,SlopeD,Position,Position_corr,Landform,Landform_corr,GeoP,GeoA,sampling_yrs,Cover,Plant_cover,BSC_cover,Moss_cover,CyanoB_cover,Lichen_cover,Depth_BSC,Sand,Gravel,Rock,Block,Slab,Litter,Total,Richness,year,age
Tour,Alps,A,,TA-31,TA-31,WNW,5,M,M,COLL; BROCK,MIX,MM,Low,2020,30,25,5,100,0,0,,0,37,8,5,20,,,16,1995,25
Tour,Alps,A,,TA-28,TA-28,WNW,20,M,M,BROCK; COLL,MIX,W,Low,2020,17,10,7,100,0,0,,0,0,3,5,75,,,14,1995,25
Tour,Alps,A,,TA-26,TA-26,NW,15,S,S,COLL; FLUV,MIX,MM ; W,Low,2020,15,12,3,100,0,0,,0,2,38,30,15,,,12,2002,18
Tour,Alps,A,,TA-25,TA-25,-,0,S,S,FLUV,FLUV,W,Low,2020,30,25,5,100,0,0,,1,11,40,18,0,,,16,2002,18
Tour,Alps,A,,TA-21,TA-21,WNW,20,M,M,COLL? FLUV?,MIX,MM ; W,Low,2020,30,15,15,100,0,0,,0,1,40,23,6,,,21,1993,27
Tour,Alps,A,,TA-12,TA-12,NW,5,S,S,COLL; FLUV?,MIX,W,Low,2020,50,35,15,100,0,0,,0,4,30,12,0,,,14,1997,23
Tour,Alps,A,,TA-11,TA-11,WNW,0-50,M,M,BENCH,BENCH,MM,Low,2020,31,30,1,100,0,0,,0,19,10,0,40,,,11,2002,18
Tour,Alps,A,,TA-10,TA-10,WNW,35,M,M,BROCK; COLL,MIX,MM,Moderate,2020,23,16,7,100,0,0,,0,10,4,3,60,,,22,1995,25
Tour,Alps,A,,TA-09,TA-09,NW,15,M,M,BROCK; COLL?,MIX,M,Low,2020,50,35,15,100,0,0,,0,2,33,15,0,,,18,1995,25
Tour,Alps,A,,TA-08,TA-08,WNW,15,M,M,BROCK? ,BROCK? ,M,Moderate,2020,5,0,5,100,0,0,,0,12,3,70,0,,,0,1995,25
Tour,Alps,A,,TA-07,TA-07,NW,5,S,S,COLL? FLUV,MIX,W,Moderate,2020,80,50,30,100,0,0,,0,-,2,2,11,,,12,1995,25
Tour,Alps,A,,TA-03,TA-03,WNW,45,M,M,BROCK,BROCK,no,No,2020,7,6,1,100,0,0,,0,0,0,0,100,,,12,1997,23
Tour,Alps,A,,TA-02,TA-02,NW,35,M,M,BROCK; COLL; FLUV,MIX,W,Moderate,2020,15,12,3,100,0,0,,2,1,5,27,50,,,7,1997,23
Tour,Alps,2008-2018,,T99,T99,W,20,M,M,BROCK ; COLL,MIX,MM,Moderate,2019,8,5,3,3,0,0,,0,40,22,20,10,,92,6,,na
Tour,Alps,2008-2018,,T90,T90,W,15,M,M,BROCK ; COLL,MIX,MM,Moderate,2019,2,1,1,1,0,0,0,10,60,18,0,10,,98,4,2009,10
Tour,Alps,2008-2018,,T82,T82,W,20,M,M,gMOR,gMOR,MM,Low,2019,4,3,1,1,0,0,1.5,1,13,40,40,2,,96,10,2009,10
Tour,Alps,2008-2018,,T81,T81,NW,25,M,M,lMOR,lMOR,MM,High,2019,0.5,0.5,0,0,0,0,0,15,25,30,29.5,0,,99.5,1,2009,10
Tour,Alps,2008-2018,,T77,T77,NW,20,M,M,BROCK ; COLL,MIX,MM,High,2019,0.55,0.25,0.3,"0,25",0,0,1,0,7,42.5,43,7,,99.5,3,2009,10
Tour,Alps,2008-2018,,T76,T76,NW,20,M,M,BROCK,BROCK,no,No,2019,0,0,0,0,0,0,0,0,0,0,0,100,,100,NA,2012,7
Tour,Alps,2008-2018,,T74,T74,N,20,M,M,BROCK ; COLL,MIX,MM,Moderate,2019,0.5,0.25,0.25,"0,25",0,0,1,0,7,50,10,32.5,,99.5,2,2008,11
Tour,Alps,2008-2018,,T72,T72,W,35,M,M,lMOR,lMOR,MM,High,2019,16,12,4,4,0,0,0,0,5,32,21,26,,84,9,1999,20
Tour,Alps,2008-2018,,T70,T70,W,30,M,M,lMOR,lMOR,MM,High,2019,4,2,2,2,0,0,0,5,20,46,25,0,,96,8,1999,20
Tour,Alps,2008-2018,,T69,T69,N,20,M,M,BROCK ; FLUV,MIX,MM,Moderate,2019,2,2,0,+,0,0,1,0,3,70,25,0,,98,8,2009,10
Tour,Alps,2008-2018,,T66,T66,N,25,M,M,BROCK ; FLUV,MIX,MM,Moderate,2019,0.75,0.75,0,+,0,0,1,3,13,64.25,12,7,,99.25,6,2009,10
Tour,Alps,2008-2018,,T65,T65,N,25,M,M,BROCK ; FLUV,MIX,MM,High,2019,5,4,1,1,0,0,,0,19,24,24,28,,95,6,2014.5,4.5
Tour,Alps,2008-2018,,T60,T60,NW,15,M,M,BROCK ; FLUV,MIX,MM,Moderate,2019,1,1,0,0,0,0,0,0,10,35,54,0,,99,1,2009,10
Tour,Alps,2003-2008,,T59,T59,N,30,M,M,BROCK ; FLUV,MIX,MM ; W,High,2019,3,1,2,2,0,0,2,1,0,3,1,92,,97,5,2004.5,14.5
Tour,Alps,2003-2008,,T57,T57,NW,25,M,M,COLL ; FLUV,MIX,MM ; W,High,2019,3,2,1,1,0,0,1,3,3,20,20,51,,97,5,2003.5,15.5
Tour,Alps,2003-2008,,T56,T56,W,5,S,S,ALL ; COLL; FLU,MIX,W,Moderate,2019,76,28,48,50,0,0,0,4,4,8,8,0,,24,9,1999,20
Tour,Alps,2003-2008,,T53,T53,NW,15,M,M,BROCK ; FLUV,MIX,MM,High,2019,8,5,3,3,0,0,0,0,0,40,12,40,,92,7,2009,10
Tour,Alps,2003-2008,,T51,T51,NW,15,M,M,BROCK ; COLL,MIX,MM,High,2019,13,6,7,7,0,0,1.5,0,2,45,40,0,,87,10,2003.5,15.5
Tour,Alps,2003-2008,,T50,T50,NE,30,M,M,COLL,COLL,MM,High,2019,14,10,4,4,0,0,1,2,8,61,15,0,,86,9,2007.5,11.5
Tour,Alps,2003-2008,,T48,T48,NW,0,M,M,COLL ; FLUV,MIX,MM ; W,Moderate,2019,2,2,0,0,0,0,0,10,20,10,48,10,,98,4,2007.5,11.5
Tour,Alps,2003-2008,,T46,T46,N,20,M,M,COLL ; FLUV,MIX,MM ; W,High,2019,9,6,3,3,0,0,1.5,0,7,56,8,20,,91,6,2004.5,14.5
Tour,Alps,2003-2008,,T45,T45,NW,5,M,M,BROCK ; COLL,MIX,MM ; W,Moderate,2019,13,8,5,5,0,0,0,NA,0,10,32,45,,87,13,2003.5,15.5
Tour,Alps,2003-2008,,T44,T44,N,15,M,M,BROCK ; COLL,MIX,MM ; W,High,2019,5,3,2,2,0,0,0,8,5,13,5,64,,95,6,2003.5,15.5
Tour,Alps,2003-2008,,T43,T43,N,30,M,M,BROCK ; COLL,MIX,MM,High,2019,3,2,1,1,0,0,1,2,5,65,25,0,,97,5,2009,10
Tour,Alps,2003-2008,,T42,T42,N,20,M,M,BROCK ; COLL,MIX,MM,Moderate,2019,6,4,2,2,0,0,0,0,12,22,38,22,,94,8,2004.5,14.5
Tour,Alps,2003-2008,,T41,T41,N,35,M,M,COLL,COLL,MM,High,2019,7,5,2,2,0,0,1,4,10,69,10,0,,93,8,2007.5,11.5
Tour,Alps,2003-2008,,T40,T40,N,18,M,M,BROCK ; COLL,MIX,MM,High,2019,15,12,3,3,0,0,0,0,0,10,75,0,,85,7,2006.5,12.5
Tour,Alps,2003-2008,,T39,T39,N,30,M,M,BROCK ; COLL,MIX,MM,High,2019,16,12,4,4,0,0,0,0,5,30,49,0,,84,12,1999,20
Tour,Alps,1985-2003,,T37,T37,NW,35,M,M,BROCK ; COLL,MIX,MM,High,2019,15,12,3,3,0,0,,5,5,15,10,50,,85,10,1997,22
Tour,Alps,1985-2003,,T35,T35,NW,25,M,M,BROCK ; COLL,MIX,MM,Moderate,2019,45,40,5,5,0,0,0,0,5,15,15,20,,55,9,1995,24
Tour,Alps,1985-2003,,T34,T34,N,5,M,M,BROCK ; COLL,MIX,MM,Moderate,2019,3.5,2.5,1,1,0,0,1.5,1,2,26,6,61.5,,96.5,8,2004.5,14.5
Tour,Alps,1985-2003,,T33,T33,N,35,M,M,BROCK ; COLL,MIX,MM,Moderate,2019,16,15,1,1,0,0,0,0,5,25,54,0,,84,12,1997,22
Tour,Alps,1985-2003,,T32,T32,NW,35,M,M,BROCK ; COLL,MIX,MM,Moderate,2019,15,12,3,3,0,0,0,0,60,10,0,15,,85,8,1997,22
Tour,Alps,1985-2003,,T31,T31,W,35,M,M,lMOR,lMOR,MM,High,2019,9,3,6,6,0,0,1,1,28,45,17,0,,91,12,1986,33
Tour,Alps,1985-2003,,T30,T30,NW,10,M,M,BROCK ; FLUV,MIX,MM,Moderate,2019,16,10,6,6,0,0,0,0,5,30,15,34,,84,7,1999,20
Tour,Alps,1985-2003,,T29,T29,NW,15,M,M,BROCK ; COLL,MIX,no,Low,2019,20,15,5,5,0,0,0,0,10,20,0,50,,80,10,2003.5,15.5
Tour,Alps,1985-2003,,T28,T28,NW,20,M,M,BROCK ; COLL,MIX,MM,Low,2019,10,10,0,0,0,0,0,0,2,13,10,65,,90,13,1995,24
Tour,Alps,1985-2003,,T27,T27,NW,15,M,M,BROCK ; COLL,MIX,MM,Moderate,2019,7,5,2,2,0,0,0,0,10,33,0,50,,93,7,1999,20
Tour,Alps,1985-2003,,T25,T25,N,15,M,M,BROCK ; COLL,MIX,MM,Low,2019,10,6,4,4,0,0,0,0,45,20,10,15,,90,11,1993,26
Tour,Alps,1985-2003,,T22,T22,W,20,M,M,gMOR,gMOR,MM,High,2019,15,10,5,5,0,0,0,5,10,70,0,0,,85,12,1999,20
Tour,Alps,1985-2003,,T20,T20,N,35,M,M,BROCK,BROCK,no,No,2019,2,1,1,1,0,0,2,0,+,1,97,0,,98,3,1995,24
Tour,Alps,1985-2003,,T16,T16,N,30,M,M,BROCK ; COLL,MIX,MM,Moderate,2019,25,20,5,5,0,0,0,0,60,15,0,0,,75,8,1997,22
Tour,Alps,1985-2003,,T15,T15,N,20,M,M,BROCK ; COLL,MIX,MM,Low,2019,10,6,4,4,0,0,0,0,45,20,10,15,,90,5,1993,26
Tour,Alps,LIA,LIA,T13B,T13B,NW,10,M,M,LiaMOR,LiaMOR,no,No,2019,100,100,3,3,0,0,2,0,0,1,0,0,0,1,9,1845,174
Tour,Alps,LIA,LIA,T13A,T13A,NW,5,M,M,LiaMOR,LiaMOR,no,No,2019,86,85,1,1,0,0,,0,0,0,6,0,,6,19,1845,174
Tour,Alps,LIA,LIA,T12,T12,W,30,C,C,LiaMOR,LiaMOR,no,No,2019,95,94,1,1,0,0,0,0,0,0,5,0,,5,15,1845,174
Tour,Alps,2008-2018,,T106,T106,NW,10,M,M,BROCK ; COLL,MIX,MM,Low,2019,3,2,1,1,0,0,1.5,0,2,20,6,69,,97,6,2009,10
Tour,Alps,2008-2018,,T105,T105,NW,3,M,M,BROCK ; COLL,MIX,MM,Low,2019,5,5,0,0,0,0,0,0,58,30,7,0,,95,6,2009,10
Tour,Alps,LIA,LIA,T09,T09,W,5,M,M,LiaMOR,LiaMOR,no,No,2019,96,90,6,6,0,0,0,0,0,0,4,0,,4,18,1845,174
Tour,Alps,LIA,LIA,T08B,T08B,W,10,M,M,LiaMOR,LiaMOR,no,No,2019,98,95,3,3,1,1,4,0,0,0,2,0,,2,20,1845,174
Tour,Alps,LIA,LIA,T08,T08A,W,15,M,M,LiaMOR,LiaMOR,no,No,2019,95,95,0,0,0,0,0,0,0,0,5,0,,5,14,1845,174
Tour,Alps,LIA,LIA,T06,T06,W,5,M,M,LiaMOR,LiaMOR,no,No,2019,95,95,0,0,0,0,0,0,0,0,0,0,,0,14,1845,174
Tour,Alps,LIA,LIA,T03,T03,W,5,M,M,LiaMOR,LiaMOR,no,No,2019,90,90,0,0,0,0,0,0,0,0,10,0,,10,24,1845,174
Saint Sorlin,Alps,,LIA,SLIA-Y,SLIA-y,NE,15,M,M,LiaMOR,LiaMOR,no,No,2020,75,74,1,1,0,0,na,0,0,1,24,0,,25,18,,150
Saint Sorlin,Alps,,LIA,SLIA-X,SLIA-x,NE,10,M,M,LiaMOR; proxRio,MIX,MM,Low,2020,26,22,4,4,0,0,na,1,3,28,38,4,,74,15,,150
Saint Sorlin,Alps,,LIA,SLIA-06a,SLIA-99,SW,5,S,S,LiaMOR,LiaMOR,no,No,2020,93,75,18,12,0,8,na,0,2,3,2,0,,15,11,,150
Saint Sorlin,Alps,,LIA,SLIA-19,SLIA-19,SW,5,S,S,LiaMOR,LiaMOR,no,No,2020,22,19,3,3,0,0,na,0,5,53,20,0,,78,10,,150
Saint Sorlin,Alps,,LIA,SLIA-18,SLIA-18,E,3,S,S,LiaMOR,LiaMOR,no,No,2020,75,25,50,50,0,0,na,0,5,20,0,0,,25,11,,150
Saint Sorlin,Alps,,LIA,SLIA-12,SLIA-12,NNE,20,C,C,LiaMOR; BROCK,MIX,MM,Low,2020,10,8,2,2,0,0.5,na,1,0,20,14,55,,90,14,,150
Saint Sorlin,Alps,,LIA,SLIA-11,SLIA-11,W,10,M,M,LiaMOR,LiaMOR,MM,Moderate,2020,18,15,3,3,0,0,na,2,8,33,39,0,,82,13,,150
Saint Sorlin,Alps,,LIA,SLIA-09,SLIA-09,SE,25,M,M,LiaMOR,LiaMOR,MM,Low,2020,40,40,0,0,0,0,na,8,12,40,0,0,,60,15,,150
Saint Sorlin,Alps,,LIA,SLIA-06b,SLIA-07,W,35,M,M,LiaMOR,LiaMOR,MM,Moderate,2020,8,8,0,0,0,0,na,0,0,7,85,0,,92,13,,150
Saint Sorlin,Alps,,LIA,SLIA-03,SLIA-03,ESE,20,M,M,LiaMOR,LiaMOR,no,No,2020,70,30,40,40,0,0,na,0,0,10,20,0,,30,15,,150
Saint Sorlin,Alps,,,S3-99,S3-99,NW,5,S,S,ALL/gMOR,MIX,MM,Low,2020,7,7,0,1,0,0,na,0,23,70,0,0,,93,7,,150
Saint Sorlin,Alps,,,S3-20,S3-20,NW,25,M,M,GULL,GULL,MM,Moderate,2020,3,3,0,0,0,0,na,0,0,45,52,0,,97,8,1961,59
Saint Sorlin,Alps,,,S3-19,S3-19,NNE,25,M,M,FLUV,FLUV,Wash + MM,Moderate,2020,9,8,1,1,0,0,na,2,0,30,59,0,,91,16,1961,59
Saint Sorlin,Alps,,,S3-18,S3-18,NE,10,C,C,gMOR,gMOR,no,No,2020,69,69,0,0,0,0,na,1,10,10,10,0,,31,12,1961,59
Saint Sorlin,Alps,,,S3-17,S3-17,S,5,M,M,gMOR,gMOR,no,No,2020,20,2,18,20,0,0,na,4,60,10,6,0,,80,5,1961,59
Saint Sorlin,Alps,,,S3-16,S3-16,S,10,M,M,gMOR,gMOR,MM,Low,2020,15.5,15,0.5,0.5,0,0,na,2,25,44.5,13,0,,84.5,9,1984,36
Saint Sorlin,Alps,,,S3-14,S3-14,NE,3,M,M,BENCH (BROCK; COLL),MIX,no,No,2020,22,22,0,0,0,0,na,5,0,40,13,20,,78,10,1984,36
Saint Sorlin,Alps,,,S3-12,S3-12,SE,25,M,M,gMOR?,gMOR?,no,No,2020,68,65,3,3,0,0,na,5,5,10,12,0,,32,22,1961,59
Saint Sorlin,Alps,,,S3-10,S3-10,NNE,20,M,M,gMOR,gMOR,MM,Low,2020,2,1,1,1,0,0,na,5,35,32,26,0,,98,11,1961,59
Saint Sorlin,Alps,,,S3-09,S3-09,NW,25,C/M?,C-M,gMOR,gMOR,MM,Low,2020,8,8,0,0,0,0,na,0,12,60,20,0,,92,11,1986.5,33.5
Saint Sorlin,Alps,,,S3-08,S3-08,NW,20,M,M,IMOR,IMOR,MM,Moderate,2020,5,2,3,3,0,0,na,1,20,54,20,0,,95,8,,150
Saint Sorlin,Alps,,,S3-07a,S3-07a,NW,35,M,M,IMOR,IMOR,MM,High,2020,10,4,6,6,0,0,na,0.5,2,30,57.5,0,,90,7,1990,30
Saint Sorlin,Alps,,,S3-06,S3-06,S,5,M,M,gMOR,gMOR,no,No,2020,26,25,1,1,0,0,na,10,39,20,5,0,,74,9,,150
Saint Sorlin,Alps,,,S3-05,S3-05,WNW,20,M,M,bord FLUV,bord FLUV,MM,Moderate,2020,14,4,10,10,0,0.5,na,2,10,56,18,0,,86,11,,150
Saint Sorlin,Alps,,,S3-02,S3-02,SE,30,M,M,BROCK; gMOR,MIX,no,No,2020,93,92,1,1,0,0,na,1,2,2,3,0,,8,10,,150
Saint Sorlin,Alps,,,S2-98,S2-98,SW,10,C,C,gMOR? BROCK; COLL,MIX,MM,Low,2020,6,6,0,0,0,0,na,0,10,57,10,17,,94,9,1993,27
Saint Sorlin,Alps,,,S2-20,S2-20,SSE,20,M,M,gMOR,gMOR,no,No,2020,70,70,0,4,0,0,na,0,10,11,9,0,,30,18,1989,31
Saint Sorlin,Alps,,,S2-17,S2-17,E,5,C,C,FLUV,FLUV,Wash? MM,Low,2020,4,3,1,1,0,0,na,3,25,45,23,0,,96,17,1989,31
Saint Sorlin,Alps,,,S2-16,S2-16,SSE,3,C,C,gMOR? IMOR? BROCK,MIX,no,No,2020,8,8,0,0,0,0,na,2,15,45,10,20,,92,10,1997,23
Saint Sorlin,Alps,,,S2-14,S2-14,SSW,10,M,M,gMOR?,gMOR?,no,No,2020,60,60,0,0,0,0,na,6,10,12,12,0,,40,9,1989,31
Saint Sorlin,Alps,,,S2-13,S2-13,NNE,25,M,M,gMOR,gMOR,MM,Low,2020,1.5,1,0.5,0.5,0,0,na,53.5,30,10,5,0,,98.5,12,1993,27
Saint Sorlin,Alps,,,S2-11,S2-11,E,5,M,M,gMOR,gMOR,no,No,2020,2,1,1,1,0,0,na,0,4,15,79,0,,98,4,1991.5,28.5
Saint Sorlin,Alps,,,S2-10,S2-10,E,<5,M,M,BENCH,BENCH,MM,Low,2020,10,9,1,1,0,0,na,5,12,32,24,17,,90,25,1990,30
Saint Sorlin,Alps,,,S2-08,S2-08,SSW,5,S,S,gMOR?,gMOR?,no,No,2020,8,8,0,1,0,0,na,0,12,60,20,0,,92,8,1998,22
Saint Sorlin,Alps,,,S2-07,S2-07,E,5,M,M,IMOR,IMOR,MM,Moderate,2020,10,10,0,0,0,0,na,0.5,10,69.5,10,0,,90,15,1990,30
Saint Sorlin,Alps,,,S2-06,S2-06,E,0,M,M,lMOR,lMOR,MM,Moderate,2020,16,15,1,1,0,0,na,5,10,50,20,0,,85,19,1991.5,28.5
Saint Sorlin,Alps,,,S2-04,S2-04,E,5,M,M,IMOR,IMOR,no,No,2020,10,10,0,0,0,0,na,0,20,40,30,0,,90,5,2007,13
Saint Sorlin,Alps,,,S2-03,S2-03,S,<5,M,M,gMOR,gMOR,no,No,2020,6,5,1,1,0,0,na,1,20,42,31,0,,94,16,2003.5,16.5
Saint Sorlin,Alps,,,S2-02,S2-02,NNE,3,C,C,IMOR,IMOR,no,No,2020,2.5,2,0.5,0.5,0,0,na,1,31,54.5,11,0,,97.5,8,2006,14
Saint Sorlin,Alps,,,S2-01,S2-01,NNW,5,M,M,IMOR,IMOR,MM,Low,2020,2,2,0,0,0,0,na,10,22,35,25,6,,98,6,2006,14
Saint Sorlin,Alps,,,S1-X,S1-x,NW,5,M,M,IMOR,IMOR,no,No,2020,1,1,0,0,0,0,na,1,40,47,11,0,,99,4,2009.5,10.5
Saint Sorlin,Alps,,,S1-19,S1-19,NE,15,M,M,IMOR,IMOR,MM,Low,2020,11,10,1,0.5,0,0,na,3,10,69,7,0,,89,7,2010.5,9.5
Saint Sorlin,Alps,,,S1-18,S1-18,E,10,S,S,COLL; Bedrock around,MIX,MM,Low,2020,1.5,1,0.5,0.5,0,0,na,20,49.5,15,11,3,,98.5,2,2015.5,4.5
Saint Sorlin,Alps,,,S1-17,S1-17,SSE,5,M,M,IMOR,IMOR,no,No,2020,1,1,0,0,0,0,na,1,30,60,8,0,,99,4,2016.5,3.5
Saint Sorlin,Alps,,,S1-16,S1-16,SE,10,M,M,ALL,ALL,no,No,2020,4,3,1,1,0,0,na,50,20,22,4,0,,96,7,2007,13
Saint Sorlin,Alps,,,S1-15,S1-15,E,30,C,C,IMOR,IMOR,MM,Moderate,2020,0.5,0.5,0,0,0,0,na,20,12,44.5,12,11,,99.5,2,2014.5,5.5
Saint Sorlin,Alps,,,S1-14,S1-14,SE,3,M,M,lMOR,lMOR,no,No,2020,6.5,6,0.5,0.5,0,0,na,2,6,60.5,25,0,,93.5,9,na,na
Saint Sorlin,Alps,,,S1-13,S1-13,SSE,<5,C,C,ALL? COLL?,MIX,no,No,2020,1,1,0,0,0,0,na,1,8,70,20,0,,99,3,2013.5,6.5
Saint Sorlin,Alps,,,S1-12,S1-12,0,0,S,S,ALL,ALL,W?,Low,2020,0,0,0,0,0,0,na,10,10,72,7,1,,100,0,2015.5,4.5
Saint Sorlin,Alps,,,S1-11,S1-11,NNE,20,C,C,IMOR,IMOR,MM,Moderate,2020,1,1,0,0,0,0,na,1,1,81,10,6,,99,1,2012.5,7.5
Saint Sorlin,Alps,,,S1-10,S1-10,SE,10,C,C,gMOR,gMOR,MM,Low,2020,2,2,0,0,0,0,na,10,10,68,10,0,,98,5,2009.5,10.5
Saint Sorlin,Alps,,,S1-08,S1-08,E,35,C,C,BROCK; gMOR,MIX,MM,Moderate,2020,5,4,1,1,0,0,na,3,25,30,20,17,,95,9,2008,12
Saint Sorlin,Alps,,,S1-04,S1-04,WNW,5,M,M,BENCH,BENCH,0,No,2020,5,5,0,0,0,0,na,1,1,77,10,6,,95,5,2009.5,10.5
Saint Sorlin,Alps,,,S1-02,S1-02,E,20,M,M,BENCH; COLL,MIX,MM,Moderate,2020,9.5,9,0.5,0.5,0,0,na,2,32,39.5,9,8,,90.5,6,2009,11
Saint Sorlin,Alps,,,S1-01,S1-01,WSE,5,C,C,gMOR,gMOR,0,No,2020,2.5,2,0.5,0.5,0,0,na,8,26,45.5,18,0,,97.5,8,2007,13
Pelerins,Alps,E,,PE-04,PE-04,ENE,25,M,M,gMOR,gMOR,MM,Moderate,2020,4.5,4,0.5,100,0,0,0.5,18,23,30,25,0,,,9,2013,7
Pelerins,Alps,E,,PE-03,PE-03,NE,10,M,M,gMOR,gMOR,MM,Moderate,2020,4,1,3,100,0,0,1,6,7,13,70,0,,,6,2013.5,6.5
Pelerins,Alps,E,,PE-02,PE-02,E,5,S,S,FLUV; COLL,MIX,W,Low,2020,8,3,5,100,0,0,1,1,3,58,30,0,,,8,2013,7
Pelerins,Alps,D,,PD-05,PD-05,W,35,M,M,IMOR?,IMOR?,MM,Moderate,2020,65,50,15,90,0,10,1,5,9,4,17,0,,,17,1910,110
Pelerins,Alps,D,,PD-04,PD-04,W,5,M,M,?MOR,?MOR,no,No,2020,43,42,1,60,0,40,-,0.5,1,0.5,43,0,,,12,1910,110
Pelerins,Alps,D,,PD-03,PD-03,W,3,M,M,?MOR,?MOR,no,No,2020,98,98,0,-,0,-,-,0,0,0,0,0,,,15,1910,110
Pelerins,Alps,D,,PD-01,PD-01,W,10,M,M,?MOR,?MOR,MM,Low,2020,40,22,18,80,0,20,1,4,6,30,20,0,,,11,1910,110
Pelerins,Alps,C,,PC-05,PC-05,W,10,M,M,?MOR,?MOR,no,No,2020,41,28,13,70,0,30,1,0.5,1,5,53,0,,,17,1910,110
Pelerins,Alps,C,,PC-04,PC-04,W,15,M,M,?MOR,?MOR,no,No,2020,87,69,18,50,0,50,1.5,1,2,3,10,0,,,21,1910,110
Pelerins,Alps,C,,PC-02,PC-02,NW,10,M,M,?MOR,?MOR,MM,No,2020,0,0,0,0,0,0,0,0,0,2,98,0,,,1,1910,110
Pelerins,Alps,C,,PC-01,PC-01,NW,10,M,M,?MOR,?MOR,no,No,2020,25,23,2,100,0,0,-,1,0,3,71,0,,,14,1910,110
Pelerins,Alps,B,,PB-05,PB-05,NE,10,M,M,IMOR; gMOR?,IMOR; gMOR?,MM,Moderate,2020,1,0.5,0.5,100,0,0,0.5,1,2,3,93.5,0,,,4,2005.5,14.5
Pelerins,Alps,B,,PB-03,PB-03,NE,5,M,M,gMOR?,gMOR?,MM,Moderate,2020,0.5,0,0.5,100,0,0,0.5,0.5,2,5,92.5,0,,,0,1999,21
Pelerins,Alps,B,,PB-01,PB-01,W,5,M,M,COLL,COLL,no,No,2020,15,10,5,100,0,0,0.5,9,13,13,50,0,,,13,2005.5,14.5
Pelerins,Alps,A,,PA-05,PA-05,NW,-,M,M,IMOR,IMOR,MM,Low,2020,27,18,9,100,0,0,1,5,15,23,30,0,,,5,1993.5,26.5
Pelerins,Alps,A,,PA-03,PA-03,NW,10,M,M,IMOR,IMOR,MM,na,2020,2.5,2,0.5,100,0,0,-,0.5,13,35,50,0,,,4,1997,23
Pelerins,Alps,A,,PA-02,PA-02,NW,10,M,M,IMOR,IMOR,MM,Low,2020,4.5,2.5,2,100,0,0,1,1,5,40,49.5,0,,,6,1997,23
Pelerins,Alps,2008-2018,,P98,P98,NW,35,M,M,gMOR,gMOR,MM,High,2019,2,1,1,1,1,0,0.5,3,25,25,55,0,,100,4,2011,8
Pelerins,Alps,2008-2018,,P95,P95,W,35,M,M,gMOR,gMOR,MM,High,2019,0,0,0,0,0,0,NA,0,40,40,20,0,,100,0,2013.5,5.5
Pelerins,Alps,2008-2018,,P92,P92,W,0,C,C,gMOR,gMOR,MM,High,2019,0,0,0,0,0,0,NA,15,5,30,50,0,,100,0,2013.5,5.5
Pelerins,Alps,2008-2018,,P90,P90,W,5,C,C,gMOR,gMOR,MM,High,2019,0,0,0,0,0,0,,0,0,10,90,0,,100,0,na,na
Pelerins,Alps,2008-2018,,P89,P89,NW,0,S,S,lMOR,lMOR,MM,No,2019,0,0,0,0,0,0,NA,0,7,7,86,0,,100,0,2008.5,10.5
Pelerins,Alps,2008-2018,,P87,P87,W,10,C,C,gMOR,gMOR,MM,No,2019,2,1,1,1,0,0,1,1,2,25,70,0,,100,10,2013.5,5.5
Pelerins,Alps,2008-2018,,P85,P85,NW,10,S,S,lMOR,lMOR,MM,Moderate,2019,0,0,0,0,0,0,NA,10,5,25,60,0,,100,0,2008.5,10.5
Pelerins,Alps,2008-2018,,P84,P84,W,20,M,M,lMOR,lMOR,DS,Moderate,2019,2,1,1,1,0,0,1,2,6,50,40,0,,100,7,2009,10
Pelerins,Alps,2008-2018,,P83,P83,W,20,M,M,gMOR,gMOR,MM,Moderate,2019,12,5,7,7,0,0,NA,15,44,21,8,0,,88,8,2013.5,5.5
Pelerins,Alps,2008-2018,,P76,P76,NW,20,M,M,lMOR,lMOR,MM,Moderate,2019,8,6,2,2,0,0,NA,20,30,20,20,0,,90,10,2013.5,5.5
Pelerins,Alps,2008-2018,,P74,P74,NW,0,S,S,lMOR,lMOR,MM,No,2019,0,0,0,0,0,0,NA,0,25,50,25,0,,100,0,2008.5,10.5
Pelerins,Alps,2008-2018,,P73,P73,NW,20,M,M,lMOR,lMOR,MM,Moderate,2019,6,2,4,4,0,0,NA,10,15,30,39,0,,94,4,2008.5,10.5
Pelerins,Alps,2008-2018,,P72,P72,W,30,M,M,gMOR,gMOR,MM,Moderate,2019,2,1,1,1,0,0,1,6,8,44,40,0,,100,8,2011,8
Pelerins,Alps,2003-2008,,P68,P68,W,20,M,M,gMOR,gMOR,MM,Moderate,2019,8,6,2,2,0,0,2,3,5,15,69,0,,100,10,1993.5,25.5
Pelerins,Alps,2003-2008,,P63,P63,N,30,M,M,gMOR,gMOR,MM,Low,2019,7,4,3,3,0,0,3,2,6,30,55,0,,100,7,1999,20
Pelerins,Alps,2003-2008,,P62,P62,N,5,M,M,gMOR,gMOR,W,Moderate,2019,31,23,8,8,0,0,NA,10,20,32,7,0,,69,18,1995,24
Pelerins,Alps,2003-2008,,P61,P61,W,10,M,M,gMOR,gMOR,MM,Low,2019,14,10,4,4,0,1,1,0,2,20,64,0,,100,11,1995,24
Pelerins,Alps,2003-2008,,P59,P59,N,10,S,S,gMOR,gMOR,MM,No,2019,0,0,0,0,0,0,NA,0,0,15,85,0,,100,0,1999,20
Pelerins,Alps,2003-2008,,P58,P58,W,35,M,M,gMOR,gMOR,MM,Moderate,2019,5,4,1,1,0,0,NA,0,5,10,80,0,,95,6,1999,20
Pelerins,Alps,2003-2008,,P57,P57,W,10,M,M,gMOR,gMOR,MM,Low,2019,25,20,5,5,0,0,NA,5,20,20,30,0,,75,14,1997,22
Pelerins,Alps,2003-2008,,P55,P55,N,10,C,C,lMOR,lMOR,MM ; IE,Low,2019,5,4,1,1,0,0,1,25,20,15,35,0,,100,5,1999,20
Pelerins,Alps,2003-2008,,P53,P53,NW,20,S,S,lMOR,lMOR,MM,Low,2019,21,14,7,7,0,0,0.5,10,15,29,25,0,,79,9,1999,20
Pelerins,Alps,2003-2008,,P51,P51,NW,35,M,M,BROCK ; COLL,MIX,MM,Moderate,2019,15,7,8,8,0,0,NA,8,25,10,17,25,,85,9,1999,20
Pelerins,Alps,2003-2008,,P50,P50,N,20,M,M,gMOR,gMOR,MM,Low,2019,0,0,0,0,0,0,NA,0,1,25,74,0,,100,0,1999,20
Pelerins,Alps,2003-2008,,P49,P49,N,30,M,M,gMOR,gMOR,MM,Moderate,2019,9,9,0,0,0,0,0,6,5,20,60,0,,100,8,1997,22
Pelerins,Alps,2003-2008,,P47,P47,W,35,S,S,gMOR,gMOR,MM,High,2019,13,10,3,3,0,0,NA,10,37,13,27,0,,87,11,1995,24
Pelerins,Alps,2003-2008,,P45,P45,N,30,C,C,gMOR,gMOR,MM,Low,2019,8,5,3,3,0,0,NA,0,5,50,37,0,,92,6,1999,20
Pelerins,Alps,2003-2008,,P44,P44,N,0,M,M,lMOR,lMOR,no,No,2019,8,3,5,5,0,0,2,6,6,45,35,0,,100,9,1999,20
Pelerins,Alps,1985-2003,,P40,P40,W,0,M,M, lMOR, lMOR,no,No,2019,15,12,3,3,0,0,1,0,30,20,35,0,,85,8,1910,109
Pelerins,Alps,1985-2003,,P39,P39,S,30,S,S,lMOR ; COLL,MIX,MM,Low,2019,21,20,1,1,0,0,NA,0,0,18,61,0,,79,9,1910,109
Pelerins,Alps,1985-2003,,P37,P37,W,5,M,M,gMOR,gMOR,no,No,2019,90,84,6,5,0,1,1,0,0,0,10,0,,10,20,1910,109
Pelerins,Alps,1985-2003,,P36,P36,NW,20,M,M, gMOR, gMOR,no,No,2019,98,95,3,3,0,0,2,0,0,0,2,0,,100,14,1910,109
Pelerins,Alps,1985-2003,,P35,P35,W,30,M,M,IMOR?,IMOR?,no,No,2019,61,54,7,6,0,1,1,0,1,13,25,0,,39,15,1910,109
Pelerins,Alps,1985-2003,,P34,P34,W,0,M,M,lMOR,lMOR,no,No,2019,10,3,7,7,0,0,NA,0,30,30,30,0,,90,8,1910,109
Pelerins,Alps,1985-2003,,P33,P33,NW,20,M,M,BROCK ; COLL,MIX,MM,Moderate,2019,50,25,25,25,0,0,NA,15,1,17,17,0,,50,16,1910,109
Pelerins,Alps,1985-2003,,P31,P31,W,20,M,M, rMOR, rMOR,no,No,2019,35,30,5,4,0,1,1,2,11,12,40,0,,100,19,1987,32
Pelerins,Alps,1985-2003,,P30,P30,NW,0,M,M,rMOR,rMOR,no,No,2019,2,1,1,1,0,0,1,0,0,4,95,0,,100,4,1987,32
Pelerins,Alps,1985-2003,,P27,P27,W,0,M,M, gMOR, gMOR,no,No,2019,77,75,2,2,0,0,1,0,0,3,20,0,,23,17,1910,109
Pelerins,Alps,1985-2003,,P26,P26,W,0,M,M, gMOR, gMOR,no,No,2019,86,65,21,17,2,2,1,0,0,3,11,0,,99,22,1910,109
Pelerins,Alps,1985-2003,,P25,P25,W,20,M,M, rMOR, rMOR,no,No,2019,25,20,5,5,0,0,2,10,5,10,50,0,,100,12,1987,32
Pelerins,Alps,1985-2003,,P23,P23,NW,30,M,M, gMOR, gMOR,no,No,2019,35,20,15,14.5,0,0.5,1,3,1,11,50,0,,100,18,1910,109
Pelerins,Alps,1985-2003,,P22,P22,W,30,M,M,COLL ; FLUV,MIX,MM,Low,2019,62,55,7,7,0,0,NA,5,5,14,14,0,,38,17,1910,109
Pelerins,Alps,LIA,LIA,P20,P20,NW,35,M,M,LiaMOR,LiaMOR,no,No,2019,65,60,5,4,0,1,1,0,0,5,30,0,,35,18,1850,169
Pelerins,Alps,LIA,LIA,P13,P13,NW,20,M,M,LiaMOR,LiaMOR,no,No,2019,94,90,4,4,0,0,NA,0,0,3,3,0,,6,14,1850,169
Pelerins,Alps,LIA,LIA,P12,P12,NW,25,M,M,LiaMOR,LiaMOR,no,No,2019,80,70,10,8,0,2,1,0,2,2,16,0,,20,14,1850,169
Pelerins,Alps,1985-2003,,P100,P100,N,20,M,M,gMOR,gMOR,no,Low,2019,55,50,5,4,0,1,1,0,0.5,9.5,20,0,15,30,20,1910,109
Pelerins,Alps,LIA,LIA,P10,P10,NW,25,M,M,LiaMOR,LiaMOR,no,No,2019,90,80,10,10,0,0,2,0,0,2,8,0,,100,25,1850,169
Pelerins,Alps,LIA,LIA,P09,P09,NW,25,M,M,LiaMOR,LiaMOR,no,No,2019,85,70,15,15,0,0,NA,0,4,4,7,0,,15,15,1850,169
Pelerins,Alps,LIA,LIA,P07,P07,NW,20,M,M,LiaMOR,LiaMOR,no,No,2019,11,10,1,1,0,0,,1,0,25,60,0,3,86,9,1850,169
Pelerins,Alps,LIA,LIA,P05,P05,NW,25,M,M,LiaMOR,LiaMOR,MM,Low,2019,85,30,55,54,0,1,1,3,3,4,5,0,,15,18,1850,169
Pelerins,Alps,LIA,LIA,P04,P04,W,20,M,M,LiaMOR,LiaMOR,no,No,2019,55,55,0,0,0,0,0,0,0,0,45,0,,95,16,1850,169
Pelerins,Alps,LIA,LIA,P03,P03,NW,25,M,M,LiaMOR,LiaMOR,no,No,2019,70,60,10,10,0,0,NA,0,0,5,25,0,,30,20,1850,169
Pelerins,Alps,LIA,LIA,P01,P01,NW,5,M,M,LiaMOR,LiaMOR,no,No,2019,85,80,5,3,0,2,1,0,1,7,7,0,,15,14,1850,169
Orny,Alps,LIA,LIA,OLIA-10,OLIA-10,E,20,M,M,BROCK,BROCK,IE,Low,2020,51,50,1,1,0,<1,,49,1,28,2,3,0,15,10,1942.5,77.5
Orny,Alps,,LIA,OLIA-09,OLIA-09,110,10,S,S,moraine s/o roche moutonnée,lMOR; RMoutonee,DS?? MM/W AV??,Low,2021,52,44.5,7.5,7,0,0.5,0.5,0,1,20,25,0,2,48,,,
Orny,Alps,LIA,LIA,OLIA-07,OLIA-07,ESE,25,M,M,LiaMOR,LiaMOR,-,No,2020,88,80,8,8,0,0,,12,0,3,3,6,0,0,18,1942.5,77.5
Orny,Alps,LIA,LIA,OLIA-06,OLIA-06,E,15,M,M,gMOR (older LIA),gMOR (older LIA),MM,Low,2020,90,83,7,2,0,5,,8,0,1,1,6,2,0,19,1942.5,77.5
Orny,Alps,,LIA,OLIA-05,OLIA-05,180,20,M,M,eboulis aluvion s/o roche mountonnée,ALL; RMoutonee,MM erosion W AD,Low,2021,53,45,8,5,0,3,1,0.5,2,27,15.5,0,2,47,,,
Orny,Alps,LIA,LIA,OLIA-04,OLIA-04,E,20,M,M,BROCK,BROCK,MM/IE,Low,2020,25,15,10,10,0,20,,75,0,15,5,1,0,54,9,1942.5,77.5
Orny,Alps,LIA,LIA,OLIA-02,OLIA-02,E,10,M,M,gMOR (older LIA),gMOR (older LIA),IE (old),Low,2020,53,50,3,2,0,1,,47,0,2,5,40,0,0,20,1942.5,77.5
Orny,Alps,,LIA,OLIA-01,OLIA-01,150,25,M,M,moraine s/o roche moutonnée,lMOR; RMoutonee,MM/W/moraine s/o roche,Low,2021,62,27,35,25,0,10,0.5,0,7,10,20,0,1,38,,,
Orny,Alps,2,,O99,O99,NW,4,M,M,IMOR,IMOR,IE,No,,13,11,2,100,0,0,0,0,27,35,25,0,,87,13,2006.5,13.5
Orny,Alps,2005-2012,,O96,O96,NE,2,S,S,gMOR,gMOR,IE,Low,,6,5,1,100,0,0,,4,20,55,15,0,,94,18,2006,14
Orny,Alps,2,,O92,O92,ENE,2,S,S,FLUV,FLUV,W,Low,,0,0,0,0,0,0,0,15,40,44,1,0,,100,0,2008.5,11.5
Orny,Alps,2001-2005,,O89,O89,N,2,S,S,FLUV,FLUV,W,Low,,25,20,5,100,0,0,,35,15,25,0,0,,75,6,2002.5,17.5
Orny,Alps,2001-2005,,O87,O87,E,2,S,S,gMOR,gMOR,-,No,,10,5,5,100,0,0,,2,10,73,5,0,,90,17,2002.5,17.5
Orny,Alps,3,,O83,O83,SE,5,S,S,gMOR,gMOR,IE/W,Low,,8,5,3,100,0,0,,0,37,37,18,0,,92,17,2002.5,17.5
Orny,Alps,2001-2005,,O79,O79,N,15,M,M,gMOR,gMOR,IE,Low,,13,10,3,100,0,0,,3,18,60,6,0,,87,15,2003.5,16.5
Orny,Alps,2001-2005,,O78,O78,N,5,S,S,gMOR,gMOR,-,No,,7,5,2,100,0,0,,1,12,60,20,0,,93,17,2002.5,17.5
Orny,Alps,3,,O76,O76,ENE,2,S,S,gMOR,gMOR,-,No,,6,4,2,100,0,0,,0,7,70,17,0,,94,15,1999,21
Orny,Alps,3,,O74,O74,N,15,M,M,IMOR,IMOR,-,No,,6.5,6,0.5,100,0,0,,0,3.5,40,50,0,,93.5,18,2001,19
Orny,Alps,2001-2005,,O67,O67,NE,3,S,S,gMOR,gMOR,IE,No,,15,10,5,100,0,0,,0,20,45,20,0,,85,22,2002.5,17.5
Orny,Alps,1985-2001,,O63,O63,E,10,M,M,tMOR,tMOR,IE,Low,,14,7,7,100,0,0,,4,10,55,17,0,,86,15,1990,30
Orny,Alps,,,O6,O6,E,4,M,M,gMOR,gMOR,IE,Low,,10,7,3,67,0,33,,5,15,40,30,0,,90,12,1925,95
Orny,Alps,,,O5,O5,E,3,S,S,gMOR,gMOR,IE/W,No,,50,30,20,2,0,18,0,1,3,26,20,0,,50,12,1925,95
Orny,Alps,1985-2001,,O47,O47,E,7,M,M,tMOR,tMOR,MM/IE,No,,11,5,6,100,0,0,,3,26,20,40,0,,89,17,1925,95
Orny,Alps,4,,O45,O45,E,5,S,S,gMOR,gMOR,-,No,,18,12,6,100,0,0,,1,2,39,40,0,,82,19,1997.5,22.5
Orny,Alps,1985-2001,,O39,O39,N,10,M,M,IMOR,IMOR,MM,Low,,11,7,4,100,0,0,,0,4,35,50,0,,89,12,1997.5,22.5
Orny,Alps,1985-2001,,O38,O38,NE,20,M,M,tMOR,tMOR,IE/MM,Low,,8,5,3,66,0,23,0,40,20,20,12,0,,92,12,1990,30
Orny,Alps,1985-2001,,O36,O36,NNW,8,M,M,IMOR,IMOR,MM,Low,,13,10,3,50,0,50,,0,5,7,75,0,,87,11,1987,33
Orny,Alps,1985-2001,,O3,O3,E,-,S,S,FLUV,FLUV,W,Low,,14,12,2,100,0,0,,33,11,12,30,0,,86,10,1925,95
Orny,Alps,1985-2001,,O28,O28,NE,3,C,C,tMOR,tMOR,MM,No,,7,6,1,100,0,0,0,0,8,60,25,0,,93,10,1987,33
Orny,Alps,1985-2001,,O26,O26,-,-,S,S,FLUV,FLUV,W,Low,,5.5,5,0.5,100,0,0,,86.5,0,3,5,0,,94.5,8,1995.5,24.5
Orny,Alps,,,O23,O23,ENE,2,S,S,gMOR,gMOR,IE,No,,18,15,3,33,0,67,,2,40,25,15,0,,82,10,1925,95
Orny,Alps,,,O2,O2,ESE,3,M,M,gMOR? eMOR,gMOR? eMOR,IE/MM,No,,40,15,25,80,0,20,,0,15,25,20,0,,60,19,1925,95
Orny,Alps,1985-2001,,O19,O19,E,2,S,S,FLUV,FLUV,W/IE,Low,,73,60,13,23,0,77,,23,0,4,0,0,,27,20,1925,95
Orny,Alps,,,O16,O16,N,15,M,M,FLUV,FLUV,IE/W,Moderate,,11.5,11,0.5,100,0,0,,20,29.5,30,9,0,,88.5,11,1925,95
Orny,Alps,2012-2017,,O139,O139,ENE,2,S,S,IMOR,IMOR,MM,Low,,2,1,1,100,0,0,,1,2,35,60,0,,98,6,2006.5,13.5
Orny,Alps,2012-2017,,O138,O138,ENE,2,S,S,IMOR,IMOR,MM,No,,4,3,1,100,0,0,,3,21,57,15,0,,96,12,2009.5,10.5
Orny,Alps,2012-2017,,O137,O137,E,0,S,S,FLUV,FLUV,W,Low,,0,0,0,0,0,0,,25,15,60,0,0,,100,0,2016,4
Orny,Alps,2012-2017,,O135,O135,E,2,S,S,FLUV,FLUV,W,Low,,0,0,0,0,0,0,0,30,50,15,5,0,,100,0,2016,4
Orny,Alps,2012-2017,,O134,O134,E,2,S,S,FLUV,FLUV,W,Low,,2,1,1,100,0,0,,40,13,20,25,0,,98,2,2015,5
Orny,Alps,1,,O133,O133,ESE,5,S,S,FLUV,FLUV,W,Low,,0,0,0,0,0,0,0,25,35,24,16,0,,100,0,2017.5,2.5
Orny,Alps,1,,O132,O132,SSE,0,S,S,IMOR,IMOR,-,No,,2,1.5,0.5,100,0,0,,4,35,39,20,0,,98,10,2015,5
Orny,Alps,2012-2017,,O131,O131,ESE,3,S,S,FLUV,FLUV,W,Low,,0,0,0,0,0,0,0,35,10,52,3,0,,100,0,2017.5,2.5
Orny,Alps,1,,O130,O130,S,1,S,S,FLUV,FLUV,W,No,,0,0,0,0,0,0,0,15,25,40,20,0,,100,0,2013.5,6.5
Orny,Alps,1,,O128,O128,SSE,20,M,M,IMOR,IMOR,MM,Low,,15,14,1,100,0,0,,5,20,35,25,0,,85,16,2015,5
Orny,Alps,1985-2001,,O12,O12,E,5,S,S,FLUV,FLUV,W,Low,,10,7,3,100,0,0,,40,12,23,13,0,,90,12,1925,95
Orny,Alps,2012-2017,,O117,O117,S,0,S,S,FLUV,FLUV,W,Low,,3,2,1,100,0,0,,43,24,23,7,0,,97,9,2013.5,6.5
Orny,Alps,2005-2012,,O115,O115,ENE,2,S,S,IMOR,IMOR,IE,No,,6,5,1,100,0,0,,4,20,55,15,0,,94,15,2006.5,13.5
Orny,Alps,2005-2012,,O109,O109,ENE,5,S,S,FLUV,FLUV,W,No,,4,3,1,100,0,0,,5,19,65,7,0,,96,10,2009.5,10.5
Orny,Alps,2012-2017,,O108,O108,E,2,S,S,FLUV,FLUV,W,Low,,1,1,0,0,0,0,0,40,15,40,4,0,,99,2,2009.5,10.5
Orny,Alps,2,,O107,O107,E,2,S,S,FLUV,FLUV,W,Low,,0.5,0,0.5,0,0,0.5,,30,39.5,25,5,0,,99.5,0,2009.5,10.5
Orny,Alps,2,,O104,O104,E,4,M,M,gMOR,gMOR,IE/W,Low,,8,7,1,100,0,0,,8,40,31,13,0,,92,10,2006,14
Orny,Alps,2,,O103,O103,ENE,2,S,S,FLUV,FLUV,W/IE,Moderate,,0,0,0,0,0,0,0,15,24,30,1,0,,70,0,2011,9
Gebroulaz,Alps,LIA,LIA,GBLIAX-07,GLIAX-07,NE,15,M,M,LiaMOR,LiaMOR,no,No,2020,83,80,3,100,0,0,1,0,0,7,10,0,,17,27,1860,160
Gebroulaz,Alps,LIA,LIA,GBLIAX-04,GLIAX-04,NE,20,M,M,LiaMOR,LiaMOR,no,No,2020,91,90,1,100,0,0,1,0,0,1,8,0,,9,22,1860,160
Gebroulaz,Alps,ZoneC,,GBC-05,GC-05,NE,25,M,M,lMOR,lMOR,MM,Moderate,2020,48,45,3,60,10,30,1,1,2,24,25,0,,52,28,1925,95
Gebroulaz,Alps,ZoneC,,GBC-03,GC-03,NE,5,M,M,lMOR,lMOR,MM,Low,2020,42,40,2,100,0,0,1,0,+,4,54,0,,58,29,1925,95
Gebroulaz,Alps,ZoneC,,GBC-02,GC-02,N,3,M,M,lMOR,lMOR,no,No,2020,84,75,9,100,0,0,1,0,1,6,9,0,,16,19,1925,95
Gebroulaz,Alps,ZoneC,,GBC-01,GC-01,NE,25,M,M,lMOR,lMOR,MM,Moderate,2020,60.5,60,1,100,0,0,1,0,2.5,18,19,0,,39.5,27,1925,95
Gebroulaz,Alps,ZoneB,,GBB-06,GB-06,0,0,S,S,COLL,COLL,no,No,2020,3,3,1,100,0,0,0.5,0,1,25,71,0,,97,7,1961.5,58.5
Gebroulaz,Alps,ZoneB,,GBB-03,GB-03,NE,0,S,S,COLL,COLL,no,No,2020,4.5,4,1,100,0,0,0.5,0,0.5,30,65,0,,95.5,16,1961.5,58.5
Gebroulaz,Alps,ZoneB,,GBB-02,GB-02,N,2,S,S,COLL,COLL,no,No,2020,3.5,3,1,100,0,0,0.5,0,+,15,82,0,,97,3,1961.5,58.5
Gebroulaz,Alps,ZoneB,,GBB-01,GB-01,N,2,M,M,COLL; ALL,MIX,no,No,2020,62,60,2,50,50,0,1,0,1,10,27,0,,38,16,1961.5,58.5
Gebroulaz,Alps,ZoneA,,GBA-10,GA-10,WN,10,M,M,LMOR,lMOR,MM,Moderate,2020,0,0,0,0,0,0,0,3,6,90,1,0,,100,0,2018.5,1.5
Gebroulaz,Alps,ZoneA,,GBA-06,GA-06,WN,20,S,S,LMOR,lMOR,MM,High,2020,0,0,0,0,0,0,0,80,5,7,8,0,,100,0,2018.5,1.5
Gebroulaz,Alps,ZoneA,,GBA-05,GA-05,W,50,M,M,LMOR,lMOR,MM,High,2020,0,0,0,0,0,0,0,62,5,5,18,10,,100,0,2018.5,1.5
Gebroulaz,Alps,ZoneA,,GBA-03,GA-03,W,15,S,S,LMOR,lMOR,MM,High,2020,0,0,0,0,0,0,0,8,5,37,50,0,,100,0,2017,3
Gebroulaz,Alps,ZoneA,,GBA-02,GA-02,WN,0,M,M,LMOR,lMOR,MM,High,2020,0,0,0,0,0,0,0,90,2,4,4,0,,100,0,2018.5,1.5
Glacier Blanc,Alps,LIA,LIA,C_30,C_30,,,,,,,,,2019,21.75,20,1.75,,,,,15,20,35,6,0,,,12,1850,169
Glacier Blanc,Alps,LIA,LIA,C_28,C_28,,,,,,,,,2019,71,70,1,,,,,0,6,22,0,0,,,18,1850,169
Glacier Blanc,Alps,LIA,LIA,C_26,C_26,,,,,,,,,2019,54,50,4,,,,,0,1,4,40,0,,,19,1850,169
Glacier Blanc,Alps,LIA,LIA,C_25,C_25,,,,,,,,,2019,42,41,1,,,,,2,30,16,10,0,,,21,1850,169
Glacier Blanc,Alps,LIA,LIA,C_23,C_23,,,,,,,,,2019,44,44,0,,,,,0,1,7,40,0,,,17,1850,169
Glacier Blanc,Alps,LIA,LIA,C_21,C_21,,,,,,,,,2019,72,72,0,,,,,0,0,1,25,0,,,19,1850,169
Glacier Blanc,Alps,LIA,LIA,C_20,C_20,,,,,,,,,2019,32,32,0,,,,,0,7,45,15,0,,,14,1850,169
Glacier Blanc,Alps,LIA,LIA,C_19,C_19,,,,,,,,,2019,57,54,3,,,,,0,2,24,15,0,,,13,1850,169
Glacier Blanc,Alps,LIA,LIA,C_17,C_17,,,,,,,,,2019,46,45,1,,,,,0,3,12,35,0,,,12,1850,169
Glacier Blanc,Alps,LIA,LIA,C_16,C_16,,,,,,,,,2019,55,45,10,,,,,0,5,15,25,0,,,18,1850,169
Glacier Blanc,Alps,LIA,LIA,C_14,C_14,,,,,,,,,2019,36,21,15,,,,,0,25,14,20,0,,,15,1850,169
Glacier Blanc,Alps,LIA,LIA,C_13,C_13,,,,,,,,,2019,26,25,1,,,,,0,2,33,37,0,,,14,1850,169
Glacier Blanc,Alps,LIA,LIA,C_09,C_09,,,,,,,,,2019,1,1,0,,,,,0,3,85,11,0,,,9,1850,169
Glacier Blanc,Alps,LIA,LIA,C_08,C_08,,,,,,,,,2019,30,27,3,,,,,0,7,30,30,0,,,16,1850,169
Glacier Blanc,Alps,LIA,LIA,C_04,C_04,,,,,,,,,2019,53,48,5,,,,,0,7,7,30,0,,,18,1850,169
Glacier Blanc,Alps,LIA,LIA,C_03,C_03,,,,,,,,,2019,48,48,0,,,,,0,0,27,20,0,,,15,1850,169
Glacier Blanc,Alps,LIA,LIA,C_02,C_02,,,,,,,,,2019,37,33,4,,,,,0,10,25,22,0,,,21,1850,169
Glacier Blanc,Alps,LIA,LIA,C_01,C_01,,,,,,,,,2019,42,22,20,,,,,3,20,27,5,0,,,13,1850,169
Glacier Blanc,Alps,B4,,B4-30,B4_30,,,,,,,,,2019,9,8,1,,,,,1,1,0,0,89,,,11,1960,59
Glacier Blanc,Alps,B4,,B4-28,B4_28,,,,,,,,,2019,45,45,0,,,,,2,4,40,5,0,,,9,1960,59
Glacier Blanc,Alps,B4,,B4-26,B4_26,,,,,,,,,2019,25,23,2,,,,,5,9,6,30,25,,,12,1960,59
Glacier Blanc,Alps,B4,,B4-25,B4_25,,,,,,,,,2019,13,8,5,,,,,28,31,28,0,0,,,14,1950,69
Glacier Blanc,Alps,B4,,B4-24,B4_24,E,10,M,M,COLL,COLL,MM,Low,2019,14,12,2,,,,,8,9,21,39,0,,,19,1991,28
Glacier Blanc,Alps,B4,,B4-23,B4_23,S,5,M,M,BENCH,BENCH,No,No,2019,63,63,0,,,,,2,3,3,10,0,,,15,1960,59
Glacier Blanc,Alps,B4,,B4-22,B4_22,SE,40,M,M,COLL,COLL,MM,Low,2019,49,48,1,,,,,12,20,8,10,1,,,21,1960,59
Glacier Blanc,Alps,B4,,B4-19,B4_19,E,5,M,M,COLL,COLL,MM,Low,2019,15,15,0,,,,,10,35,35,5,0,,,16,1991,28
Glacier Blanc,Alps,B4,,B4-18,B4_18,W,25,M,M,COLL ; BROCK,MIX,MM,High,2019,48,33,15,,,,,15,20,2,0,15,,,13,1960,59
Glacier Blanc,Alps,B4,,B4-17,B4_17,,,,,,,,,2019,44,19,25,,,,,0,17,14,25,0,,,19,1960,59
Glacier Blanc,Alps,B4,,B4-15,B4_15,SE,10,S,S,COLL,COLL,MM,Low,2019,31,27,4,,,,,2,12,16,39,0,,,13,1991,28
Glacier Blanc,Alps,B4,,B4-14,B4_14,,,,,,,,,2019,8,7,1,,,,,7,1,1,0,81,,,11,1960,59
Glacier Blanc,Alps,B4,,B4-13,B4_13,E,30,M,M,BROCK ; COLL,MIX,MM,High,2019,14.25,14,0.25,,,,,10,6,0,0,69.75,,,10,1960,59
Glacier Blanc,Alps,B4,,B4-12,B4_12,N,5,M,M,BENCH,BENCH,No,No,2019,42,36,6,,,,,7,8,25,18,0,,,16,1960,59
Glacier Blanc,Alps,B4,,B4-11,B4_11,,,,,,,,,2019,31.5,30,1.5,,,,,4,20,16,25,0,,,17,1960,59
Glacier Blanc,Alps,B4,,B4-10,B4_10,,,,,,,,,2019,75,45,30,,,,,1,2,19,3,0,,,17,1960,59
Glacier Blanc,Alps,B4,,B4-07,B4_07,SE,25,M,M,COLL,COLL,MM,Low,2019,25,20,5,,,,,14,19,19,22,0,,,13,1987.5,31.5
Glacier Blanc,Alps,B4,,B4-04,B4_04,No,0,M,M,COLL,COLL,MM,Low,2019,25,23,2,,,,,1,4,50,10,0,,,16,1987.5,31.5
Glacier Blanc,Alps,B4,,B4-03,B4_03,SE,15,M,M,COLL,COLL,MM,Low,2019,39,19,20,,,,,20,25,11,5,0,,,17,1960,59
Glacier Blanc,Alps,B4,,B4-02,B4_02,,,,,,,,,2019,18,14,4,,,,,3,5,6,5,3,,,9,1960,59
Glacier Blanc,Alps,B3,,B3-30,B3_30,,,,,,,,,2019,15,15,0,,,,,0,0,5,20,0,,,18,1991,28
Glacier Blanc,Alps,B3,,B3-29,B3_29,S,10,M,M,RILL ; ALL,MIX,MM,Low,2019,16,11,5,,,,,0,2,70,10,0,,,11,2000.5,18.5
Glacier Blanc,Alps,B3,,B3-28,B3_28,S,5,S,S,FLUV,FLUV,No,No,2019,81,80,1,,,,,0,0,2,12,0,,,23,1997,22
Glacier Blanc,Alps,B3,,B3-27,B3_27,,,,,,,,,2019,80,80,0,,,,,0,0,0,1,0,,,8,1994.5,24.5
Glacier Blanc,Alps,B3,,B3-26,B3_26,,,,,,,,,2019,8.5,8,0.5,,,,,2,14.5,40,5,30,,,12,1994.5,24.5
Glacier Blanc,Alps,B3,,B3-25,B3_25,E,15,N,na,COLL,COLL,,Low,2019,20,15,5,,,,,0,3,37.5,37.5,0,,,12,1995.5,23.5
Glacier Blanc,Alps,B3,,B3-24,B3_24,,,,,,,,,2019,30,25,5,,,,,3,12,27,16,0,,,21,1991,28
Glacier Blanc,Alps,B3,,B3-23,B3_23,S,10,M,M,COLL ; FLUV,MIX,MM,Low,2019,16,14,2,,,,,3,5,54,22,0,,,10,2000.5,18.5
Glacier Blanc,Alps,B3,,B3-21,B3_21,S,5,M,M,ALL ; FLUV,MIX,No,Low,2019,31,27,4,,,,,14,6,39,10,0,,,16,2000.5,18.5
Glacier Blanc,Alps,B3,,B3-18,B3_18,,,,,,,,,2019,44,41,3,,,,,0,5,19,28,0,,,6,1991,28
Glacier Blanc,Alps,B3,,B3-14,B3_14,E,30,M,M,COLL ; BENCH,MIX,MM,High,2019,45.25,45,0.25,,,,,5,18,18.75,3,0,,,11,2002.5,16.5
Glacier Blanc,Alps,B3,,B3-11,B3_11,,,,,,,,,2019,4,4,0,,,,,0,1,3,0,92,,,15,1994.5,24.5
Glacier Blanc,Alps,B3,,B3-08,B3_08,,,,,,,,,2019,58,57,1,,,,,15,4,2,0,0,,,19,1999.5,19.5
Glacier Blanc,Alps,B3,,B3-07,B3_07,S,10,S,S,COLL,COLL,MM,Moderate,2019,22,18,4,,,,,0,11,50,15,0,,,12,1997,22
Glacier Blanc,Alps,B3,,B3-06,B3_06,,,,,,,,,2019,46,44,2,,,,,1,5,42,5,0,,,20,2000.5,18.5
Glacier Blanc,Alps,B3,,B3-04,B3_04,SW,15,M,M,COLL ; MOR,MIX,MM,Low,2019,18,14,4,,,,,0,25,40,15,0,,,11,1994.5,24.5
Glacier Blanc,Alps,B3,,B3-03,B3_03,E,5,M,M,COLL,COLL,No,No,2019,na,na,,,,,,,,,,,,,,na,
Glacier Blanc,Alps,B3,,B3-02,B3_02,,,,,,,,,2019,40,30,10,,,,,0,0,3,0,39,,,18,1994.5,24.5
Glacier Blanc,Alps,B3,,B3-01,B3_01,,,,,,,,,2019,37,37,0,,,,,0,2,5,15,0,,,11,1989,30
Glacier Blanc,Alps,B2,,B2-30,B2_30,,,,,,,,,2019,15,14,1,,,,,5,20,20,10,30,,,11,2007.5,11.5
Glacier Blanc,Alps,B2,,B2-29,B2_29,,,,,,,,,2019,14,14,0,,,,,15,20,16,15,20,,,10,2006.5,12.5
Glacier Blanc,Alps,B2,,B2-28,B2_28,,,,,,,,,2019,10,9,1,,,,,15,15,35,25,0,,,15,2005.5,13.5
Glacier Blanc,Alps,B2,,B2-27,B2_27,,,,,,,,,2019,4.25,4,0.25,,,,,1,10,1,0,83.75,,,14,2005.5,13.5
Glacier Blanc,Alps,B2,,B2-26,B2_26,,,,,,,,,2019,57,57,0,,,,,3,2,27,8,3,,,22,2009,10
Glacier Blanc,Alps,B2,,B2-24,B2_24,,,,,,,,,2019,18,18,0,,,,,5,25,32,10,10,,,12,2009,10
Glacier Blanc,Alps,B2,,B2-22,B2_22,,,,,,,,,2019,25,24,1,,,,,1,18,39,17,0,,,13,2007.5,11.5
Glacier Blanc,Alps,B2,,B2-21,B2_21,,,,,,,,,2019,11,10,1,,,,,8,43,30,8,0,,,15,2007.5,11.5
Glacier Blanc,Alps,B2,,B2-20,B2_20,S,15,M,M,COLL,COLL,MM,High,2019,5,5,0,,,,,10,60,20,5,0,,,7,2003.5,15.5
Glacier Blanc,Alps,B2,,B2-18,B2_18,S,40,M,M,COLL,COLL,MM,High,2019,72,71,1,,,,,3,14,5,1,0,,,18,2003.5,15.5
Glacier Blanc,Alps,B2,,B2-16,B2_16,,,,,,,,,2019,16,15,1,,,,,20,40,21,3,0,,,17,2007.5,11.5
Glacier Blanc,Alps,B2,,B2-15,B2_15,S,5,M,M,COLL ; ALL,MIX,MM,Low,2019,15,14,1,,,,,0,28,38.75,17,0,,,14,2002.5,16.5
Glacier Blanc,Alps,B2,,B2-13,B2_13,,,,,,,,,2019,8,7,1,,,,,4,59,25,0,4,,,11,2006.5,12.5
Glacier Blanc,Alps,B2,,B2-12,B2_12,,,,,,,,,2019,42.25,42,0.25,,,,,5,22.75,20,1,0,,,16,2004.5,14.5
Glacier Blanc,Alps,B2,,B2-10,B2_10,,,,,,,,,2019,34,34,0,,,,,4,6,15,6,29.75,,,19,2006.5,12.5
Glacier Blanc,Alps,B2,,B2-09,B2_09,,,,,,,,,2019,4,3,1,,,,,4,36,20,3,33,,,7,2007.5,11.5
Glacier Blanc,Alps,B2,,B2-07,B2_07,,,,,,,,,2019,11,10,1,,,,,0,30,44,8,7,,,15,2007.5,11.5
Glacier Blanc,Alps,B2,,B2-05,B2_05,,,,,,,,,2019,11,10,1,,,,,20,10,29,30,0,,,12,2003,16
Glacier Blanc,Alps,B2,,B2-04,B2_04,,,,,,,,,2019,5,4,1,,,,,0,4,2,0,89,,,8,2007.5,11.5
Glacier Blanc,Alps,B2,,B2-03,B2_03,,,,,,,,,2019,13.25,13,0.25,,,,,0,39.75,35,12,0,,,12,2007.5,11.5
Glacier Blanc,Alps,B2,,B2-01,B2_01,,,,,,,,,2019,17,16,1,,,,,0,17,49,16,0,,,15,2004.5,14.5
Glacier Blanc,Alps,B1,,B1-36,B1_36,SW,5,M,M,COLL ; BENCH,MIX,MM,High,2019,5,5,0,,,,,3,25,14,8,45,,,6,2011.5,7.5
Glacier Blanc,Alps,B1,,B1-35,B1_35,S,10,C,C,BROCK,BROCK,MM,Low,2019,10,9,1,,,,,5,5,10,6,62,,,8,2011.5,7.5
Glacier Blanc,Alps,B1,,B1-34,B1_34,NW,30,M,M,COLL ; BENCH,MIX,MM,High,2019,4,4,0,,,,,2,20,30,4,40,,,7,2013.5,5.5
Glacier Blanc,Alps,B1,,B1-33,B1_33,S,5,M,M,COLL ; BENCH,MIX,MM,Moderate,2019,19,18,1,,,,,5,7,40,12,15,,,14,2012.5,6.5
Glacier Blanc,Alps,B1,,B1-32,B1_32,W,25,M,M,COLL ; BROCK,MIX,MM,High,2019,13,13,0,,,,,10,25,27,7,18,,,10,2015.5,3.5
Glacier Blanc,Alps,B1,,B1-31,B1_31,W,15,M,M,COLL ; BENCH,MIX,MM,Low,2019,12,11,1,,,,,10,25,20,2,30,,,14,2014.5,4.5
Glacier Blanc,Alps,B1,,B1-24,B1_24,,,,,,,,,2019,9,9,0,,,,,3,20,43,25,0,,,5,2014.5,4.5
Glacier Blanc,Alps,B1,,B1-22,B1_22,,,,,,,,,2019,10,10,0,,,,,25,25,20,20,0,,,12,2010,9
Glacier Blanc,Alps,B1,,B1-21,B1_21,,,,,,,,,2019,3,3,0,,,,,5,35,39,8,10,,,6,2014.5,4.5
Glacier Blanc,Alps,B1,,B1-20,B1_20,N,10,C,C,BENCH,BENCH,MM,Low,2019,9,9,0,,,,,40,11,30,3,7,,,10,2016.5,2.5
Glacier Blanc,Alps,B1,,B1-14,B1_14,,,,,,,,,2019,17,16,1,,,,,5,18,30,10,20,,,7,2012.5,6.5
Glacier Blanc,Alps,B1,,B1-11,B1_11,NW,20,M,M,COLL ; BENCH,MIX,MM,Moderate,2019,14,14,0,,,,,3,15,44,24,0,,,10,2012.5,6.5
Glacier Blanc,Alps,B1,,B1-09,B1_09,,,,,,,,,2019,24,24,0,,,,,1,2,29,17,25,,,12,2014.5,4.5
Glacier Blanc,Alps,B1,,B1-06,B1_06,SW,10,M,M,COLL ; BENCH,MIX,MM,Low,2019,11,11,0,,,,,4,12,43,10,19,,,9,2015.5,3.5
Glacier Blanc,Alps,B1,,B1-04,B1_04,,,,,,,,,2019,31,31,0,,,,,3,14,20,25,7,,,11,2012.5,6.5
Gebroulaz,Alps, LIA ,LIA, GLIA-09, GLIA-09,N,5,M,M,ALL,ALL,no,No,2019,91,90,1,1.00%, NA , NA , 0.2cm ,0,0,1,8,0,,9,24,1860,159
Gebroulaz,Alps, LIA ,LIA, GLIA-08, GLIA-08,N,10,M,M,ALL,ALL,no,No,2019,87,85,2,2.00%, NA , NA , NA ,0,0,3,10,0,,13,19,1860,159
Gebroulaz,Alps, LIA ,LIA, GLIA-07, GLIA-07,N,10,M,M,ALL,ALL,no,No,2019,97,95,2,2.00%, NA , NA , 0.5cm ,0,0,0,3,0,,3,32,1900,119
Gebroulaz,Alps, LIA ,LIA, GLIA-06, GLIA-06,W,35,M,M,LiaMOR,LiaMOR,MM,Low,2019,50,40,10,10.00%, NA , NA , NA ,0,30,7,13,0,,50,24,1900,119
Gebroulaz,Alps, LIA ,LIA, GLIA-05, GLIA-05,W,25,M,M,LiaMOR,LiaMOR,MM,Moderate,2019,13,8,5,5.00%, NA , NA , 0.5cm ,0,3,24,60,0,,87,21,1900,119
Gebroulaz,Alps, LIA , LIA , GLIA-04, GLIA-04,E,20,M,M,LiaMOR,LiaMOR,no,No,2019,81,80,1,1.00%, + , NA , NA ,0,0,7,12,0,,19,4,1925,94
Gebroulaz,Alps, LIA , LIA , GLIA-03, GLIA-03,N,5,C,C,LiaMOR,LiaMOR,no,No,2019,52,50,2,2.00%, NA , NA , 0.2cm ,0,0,40,8,0,,48,24,1925,94
Gebroulaz,Alps, LIA , LIA , GLIA-02, GLIA-02,NW,5,C,C,LiaMOR,LiaMOR,no,No,2019,60,35,25,25.00%, NA , NA , NA ,0,3,20,17,0,,40,12,1925,94
Gebroulaz,Alps, LIA ,LIA, GLIA-01, GLIA-01,NW,5,M,M,ALL,ALL,no,No,2019,32,30,2,2.00%, NA , NA , 2cm ,0,0,8,60,0,,68,13,1860,159
Gebroulaz,Alps, 1985-2003 ,, GB3-15, GB3-15,W,15,M,M,lMOR,lMOR,MM,Low,2019,0.6,0.5,0.1,0.00%, NA , NA , NA ,0.5,29,10,60,0,,99.5,6,1978,41
Gebroulaz,Alps, 1985-2003 ,, GB3-14, GB3-14,W,10,M,M,lMOR,lMOR,W,Low,2019,5,5,0,0.00%, NA , NA , NA ,25,40,30,0,0,,95,3,2000.5,18.5
Gebroulaz,Alps, 1985-2003 ,, GB3-13, GB3-13,W,10,M,M,lMOR,lMOR,MM,Low,2019,4.1,4,0.1,0.00%, NA , NA , NA ,1,70,10,15,0,,96,6,2000.5,18.5
Gebroulaz,Alps, 1985-2003 ,, GB3-12, GB3-12,W,25,M,M,lMOR,lMOR,MM,High,2019,3,3,0,0.00%, NA , NA , NA ,5,37,40,15,0,,97,3,2000.5,18.5
Gebroulaz,Alps, 1985-2003 ,, GB3-11, GB3-11,W,30,M,M,lMOR,lMOR,MM,Moderate,2019,10,10,0,0.00%, NA , NA , NA ,0.1,7,65,18,0,,90,5,2000.5,18.5
Gebroulaz,Alps, 1985-2003 ,, GB3-10, GB3-10,SW,10,C,C,lMOR,lMOR,MM,Low,2019,3.1,3,0.1, + , NA , NA , NA ,1,6,90,0,0,,97,6,1995.5,23.5
Gebroulaz,Alps, 1985-2003 ,, GB3-09, GB3-09,SW,25,M,M,lMOR,lMOR,MM,Low,2019,4,4,0,0.00%, NA , NA , NA ,8,40,40,8,0,,96,5,1995.5,23.5
Gebroulaz,Alps, 1985-2003 ,, GB3-08, GB3-08,NE,10,C,C,lMOR,lMOR,no,No,2019,15.1,15,0.1, + , NA , NA , NA ,0,7,39,39,0,,85,22,1995.5,23.5
Gebroulaz,Alps, 1985-2003 ,, GB3-07, GB3-07,NW,20,C,C,lMOR,lMOR,MM,Low,2019,9.1,9,0.1, + , NA , NA , 1cm ,1,44,40,6,0,,91,11,1995.5,23.5
Gebroulaz,Alps, 1985-2003 ,, GB3-06, GB3-06,SW,5,M,M,lMOR,lMOR,MM,Low,2019,10.1,10,0.1, + , NA , NA , NA ,0,62,22,6,0,,90,14,1989,30
Gebroulaz,Alps, 1985-2003 ,, GB3-05, GB3-05,NE,20,M,M,lMOR,lMOR,MM,Low,2019,19,15,4,4.00%, NA , NA , 1cm ,7,20,30,24,0,,81,18,1989,30
Gebroulaz,Alps, 1985-2003 ,, GB3-04, GB3-04,SW,5,C,C,lMOR,lMOR,MM,Low,2019,18,15,3,3.00%, NA , NA , NA ,1,10,41,30,0,,82,15,1995.5,23.5
Gebroulaz,Alps, 1985-2003 ,, GB3-03, GB3-03,NW,15,S,S,lMOR,lMOR,MM,Moderate,2019,0.2,0.1,0.1, + , NA , NA ,1,5,20,65,10,0,,100,6,2000.5,18.5
Gebroulaz,Alps, 1985-2003 ,, GB3-02, GB3-02,N,5,S,S,ALL ; FLUV,MIX,no,No,2019,41,40,1,1.00%, NA , NA , 1cm ,0,0,24,35,0,,59,14,1995.5,23.5
Gebroulaz,Alps, 1985-2003 ,, GB3-01, GB3-01,NE,5,S,S,ALL ; FLUV,MIX,no,No,2019,11,10,1,1.00%, NA , NA , NA ,0,3,28,58,0,,89,14,1995.5,23.5
Gebroulaz,Alps, 2003-2008 ,, GB2-15, GB2-15,S,25,M,M,lMOR,lMOR,MM,Moderate,2019,7,6,1,0.00%, NA , NA , NA ,3,10,65,15,0,,93,8,2004.5,14.5
Gebroulaz,Alps, 2003-2008 ,, GB2-14, GB2-14,S,5,M,M,lMOR,lMOR,MM,Moderate,2019,2.5,2,0.5,0.50%, NA , NA , 0.5cm ,1,4.5,87,5,0,,97.5,7,2004.5,14.5
Gebroulaz,Alps, 2003-2008 ,, GB2-13, GB2-13,NE,15,M,M,lMOR,lMOR,MM,High,2019,1,1,0,0.00%, NA , NA , NA ,15,27,55,2,0,,99,3,2004.5,14.5
Gebroulaz,Alps, 2003-2008 ,, GB2-12, GB2-12,S,20,M,M,lMOR,lMOR,MM,High,2019,4,4,0,0.00%, NA , NA , NA ,30,66,0,0,0,,96,5,2007,12
Gebroulaz,Alps, 2003-2008 ,, GB2-11, GB2-11,SW,5,C,C,lMOR,lMOR,no,No,2019,3,3,0,0.00%, NA , NA , NA ,1,24,50,22,0,,97,8,2004.5,14.5
Gebroulaz,Alps, 2003-2008 ,, GB2-10, GB2-10,S,5,C,C,lMOR,lMOR,no,No,2019,9,8.5,0.5,0.50%, NA , NA , 0.5cm ,0,20,24,47,0,,91,11,2004.5,14.5
Gebroulaz,Alps, 2003-2008 ,, GB2-09, GB2-09,S,0,C,C,lMOR,lMOR,no,No,2019,9,8,1,1.00%, NA , NA , 1cm ,0,7,66,18,0,,91,7,2004.5,14.5
Gebroulaz,Alps, 2003-2008 ,, GB2-08, GB2-08,SW,5,C,C,lMOR,lMOR,no,Low,2019,6.1,6,0.1, + , NA , NA , 0.5cm ,0,4,25,65,0,,94,8,2004.5,14.5
Gebroulaz,Alps, 2003-2008 ,, GB2-07, GB2-07,SW,5,C,C,lMOR,lMOR,no,Low,2019,11,10,1,1.00%, NA , NA , 1cm ,5,16,43,25,0,,89,16,2004.5,14.5
Gebroulaz,Alps, 2003-2008 ,, GB2-06, GB2-06,SW,5,C,C,lMOR,lMOR,no,Low,2019,6.1,6,0.1, + , NA , NA , 0.5cm ,0,4,61,30,0,,95,9,2004.5,14.5
Gebroulaz,Alps, 2003-2008 ,, GB2-05, GB2-05,N,20,M,M,lMOR ; GULL,MIX,GL,Moderate,2019,8,6,2,2.00%, NA , NA , 1cm ,0,9,13,70,0,,92,7,2004.5,14.5
Gebroulaz,Alps, 2003-2008 ,, GB2-04, GB2-04,NE,15,M,M,lMOR,lMOR,MM,Moderate,2019,2.1,2,0.1, + , NA , NA ,0.5,0.1,4,34,60,0,,98,5,2004.5,14.5
Gebroulaz,Alps, 2003-2008 ,, GB2-03, GB2-03,NW,15,C-M,C-M,lMOR,lMOR,MM,Low,2019,8,7,1,1.00%, NA , NA , 1cm ,0,22,30,40,0,,92,4,2004.5,14.5
Gebroulaz,Alps, 2003-2008 ,, GB2-02, GB2-02,N,10,C-M,C-M,lMOR,lMOR,MM,Low,2019,16,15,1,1.00%, NA , NA , 1cm ,0,27,27,30,0,,84,5,2004.5,14.5
Gebroulaz,Alps, 2003-2008 ,, GB2-01, GB2-01,NE,15,C,C,lMOR,lMOR,MM,Low,2019,7.1,7,0.1, + , NA , NA , 0.5cm ,0.1,18,25,50,0,,93,7,2019.5,1
Gebroulaz,Alps, 2003-2008 ,, GB1-15, GB1-15,W,40,M,M,lMOR,lMOR,MM,High,2019,1,1,0,0.00%, NA , NA , NA ,10,54,25,10,0,,99,5,2007,12
Gebroulaz,Alps, 2008-2018 ,, GB1-14, GB1-14,W,30,M,M,lMOR,lMOR,MM,High,2019,0.4,0.3,0.1,0.10%, NA , Na , 0.2cm ,15,20,44.6,20,0,,99.6,2,2014.5,4.5
Gebroulaz,Alps, 2008-2018 ,, GB1-13, GB1-13,NE,10,S,S,ALL ; FLUV,MIX,W,Moderate,2019,0.1,0.1,0,0.00%, NA , NA , NA ,1,9,40,50,0,,100,2,2007,12
Gebroulaz,Alps, 2008-2018 ,, GB1-12, GB1-12,N,0,S,S,ALL,ALL,W,Moderate,2019,1,1,0,0.00%, NA , NA , NA ,9,40,40,10,0,,99,1,2007,12
Gebroulaz,Alps, 2008-2018 ,, GB1-11, GB1-11,N,0,S,S,ALL,ALL,W,Moderate,2019,0.1,0.1,0,0.00%, NA , NA , NA ,4,40,43,13,0,,100,3,2007,12
Gebroulaz,Alps, 2008-2019,, GB1-10, GB1-10,S,25,M,M,lMOR,lMOR,MM,High,2019,0,0,0,0.00%,0,0,0,10,55,30,5,0,,100,0,2013.5,5.5
Gebroulaz,Alps, 2008-2018 ,, GB1-09, GB1-09,SW,15,M,M,lMOR,lMOR,MM,Moderate,2019,0.2,0.1,0.1, + , NA , NA , NA ,5,40,55,0,0,,100,4,2010.5,8.5
Gebroulaz,Alps, 2008-2018 ,, GB1-08, GB1-08,S,0,Slope foot,S,lMOR ; BENCH,MIX,no,No,2019,2,1,1,0.00%, NA , NA , NA ,11,50,30,7,0,,98,3,2013.5,5.5
Gebroulaz,Alps, 2008-2018 ,, GB1-07, GB1-07,S,20,M,M,lMOR,lMOR,MM,Moderate,2019,0.2,0.2,0,0.00%, NA , NA , NA ,10,15,40,35,0,,99.8,1,2017,2
Gebroulaz,Alps, 2008-2018 ,, GB1-06, GB1-06,S,10,M,M,lMOR,lMOR,MM,Moderate,2019,2,2,0,0.00%, NA , NA , NA ,4,44,20,30,0,,98,2,2010.5,8.5
Gebroulaz,Alps, 2003-2009,, GB1-05, GB1-05,SW,20,M,M,lMOR,lMOR,MM,High,2019,0,0,0,0.00%,0,0,0,50,8,22,20,0,,100,0,2017,2
Gebroulaz,Alps, 2008-2018 ,, GB1-04, GB1-04,S,30,M,M,RILL,RILL,MM ; IE,High,2019,0,0,0,0.00%,0,0,0,50,12,30,8,0,,100,0,2017,2
Gebroulaz,Alps, 2003-2008 ,, GB1-03, GB1-03,S,25,M,M,RILL,RILL,MM ; IE,High,2019,0,0,0,0.00%,0,0,0,49,40,4,7,0,,100,0,2017,2
Gebroulaz,Alps, 2008-2018 ,, GB1-02, GB1-02,S,20,C,C,lMOR,lMOR,MM,Moderate,2019,2,2,0,0.00%, NA , NA , NA ,4,65,25,4,0,,98,3,2010.5,8.5
Gebroulaz,Alps, 2008-2018 ,, GB1-01, GB1-01,S,20,M,M,lMOR,lMOR,MM,Moderate,2019,0.2,0.1,0.1, + , NA , NA , 0.5cm ,1,10,44,45,0,,100,6,2010.5,8.5
Yanamarey,Andes,,LIA,YLIA-30,YLIA-30,E,30,M,M,no,no,no,No,,100,87,13,,,,,0,0,0,0,0,,,10,1850,169
Yanamarey,Andes,,LIA,YLIA-26,YLIA-26,,,,,,,,,,99,97,2,,,,,1,0,0,0,0,,,9,1850,169
Yanamarey,Andes,,LIA,YLIA-24,YLIA-24,E,20,M,M,no,no,no,No,,58.5,46,12.5,,,,,28.5,10,3,0,0,,,7,1850,169
Yanamarey,Andes,,LIA,YLIA-21,YLIA-21,,,,,no,no,,,,100,96,4,,,,,0,0,0,0,0,,,8,1850,169
Yanamarey,Andes,,LIA,YLIA-16,YLIA-16,,,,,no,no,,,,95,81.5,13.5,,,,,0,0,4,1,0,,,10,1850,169
Yanamarey,Andes,,LIA,YLIA-10,YLIA-10,S,10,M,M,no,no,no,No,,100,80,20,,,,,0,0,0,0,0,,,9,1850,169
Yanamarey,Andes,,LIA,YLIA-06,YLIA-06,S,30,M,M,no,no,no,No,,100,98,2,,,,,0,0,0,0,0,,,13,1850,169
Yanamarey,Andes,,LIA,YLIA-03,YLIA-03,S,40,M,M,no,no,no,No,,100,94,6,,,,,0,0,0,0,0,,,11,1850,169
Yanamarey,Andes,,LIA,YLIA-02,YLIA-02,S,30,M,M,no,no,no,No,,100,77.9,22.1,,,,,0,0,0,0,0,,,11,1850,169
Yanamarey,Andes,,LIA,YLIA-01,YLIA-01,S,10,M,M,no,no,no,No,,100,73,27,,,,,0,0,0,0,0,,,4,1850,169
Yanamarey,Andes,,4,Y4-29,Y4-29,SW,10,M,M,gMOR,gMOR,IE,Low,,24.5,16.5,8,,,,,27,14.5,25,9,0,,,8,1955,64
Yanamarey,Andes,,4,Y4-28,Y4-28,N,10,C,C,gMOR,gMOR,no,No,,8,5,3,,,,,2,13,52,25,,,,5,1960,59
Yanamarey,Andes,,4,Y4-27,Y4-27,no,0,C,C,gMOR,gMOR,IE,No,,20.9,11.9,9,,,,,23.6,19,27.5,9,0,,,5,1958.5,60.5
Yanamarey,Andes,,4,Y4-24,Y4-24,no,0,S,S,lMOR ; FLUV,MIX,W,No,,15,10,5,,,,,20,15,45,5,,,,4,1955,64
Yanamarey,Andes,,4,Y4-23,Y4-23,SW,15,C,C,gMOR,gMOR,IE,Low,,15,5,10,,,,,42,10,30,3,,,,7,1951.5,67.5
Yanamarey,Andes,,4,Y4-22,Y4-22,no,no,C,C,gMOR,gMOR,IE,No,,15,7,8,,,,,28,40,10,7,,,,7,1957.5,61.5
Yanamarey,Andes,,4,Y4-21,Y4-21,W,15,C,C,gMOR,gMOR,IE,No,,13,10,3,,,,,28,6,41,12,,,,6,1959.7,59.3
Yanamarey,Andes,,4,Y4-19,Y4-19,SW,5,S,S,lMOR ; FLUV,MIX,W,No,,28.7,20.7,8,,,,,0,14,54.3,3,0,,,7,1958.5,60.5
Yanamarey,Andes,,4,Y4-18,Y4-18,E,20,C,C,gMOR,gMOR,IE,Low,,11,10,1,,,,,17,10,45,17,,,,7,1949,70
Yanamarey,Andes,,4,Y4-15,Y4-15,no,0,C,C,gMOR,gMOR,IE,No,,16,12,4,,,,,44,9,19,12,0,,,9,1955,64
Yanamarey,Andes,,4,Y4-14,Y4-14,NE,10,C,C,gMOR,gMOR,no,No,,10.8,5.8,5,,,,,3,3,74.2,9,0,,,6,1956,63
Yanamarey,Andes,,4,Y4-12,Y4-12,no,0,C,C,gMOR,gMOR,IE,No,,10,7,3,,,,,31,8,41,10,,,,7,1957,62
Yanamarey,Andes,,4,Y4-10,Y4-10,N,10,M,M,lMOR,lMOR,W,Low,,32,24,8,,,,,1,20,39,8,0,,,7,1950,69
Yanamarey,Andes,,4,Y4-06,Y4-06,SE,15,S,S,lMOR,lMOR,W,No,,20,7,13,,,,,25,10,40,5,,,,9,1951,68
Yanamarey,Andes,,4,Y4-03,Y4-03,SW,20,M,M,gMOR,gMOR,IE,No,,18.7,11.7,7,,,,,32.3,18,21,10,0,,,8,1951.5,67.5
Yanamarey,Andes,,3,Y3-30,Y3-30,S,30,C,C,gMOR,gMOR,AD,Moderate,,24.1,9.1,15,,,,,40.9,11,15,9,0,,,6,1976,43
Yanamarey,Andes,,3,Y3-24,Y3-24,SW,20,M,M,lMOR,lMOR,no,Low,,22.3,12.3,10,,,,,0,11.7,15,51,0,,,5,1976,43
Yanamarey,Andes,,3,Y3-23,Y3-23,SW,3,S,S,lMOR,lMOR,no,Low,,40,20,20,,,,,5,15,25,15,,,,5,1964,55
Yanamarey,Andes,,3,Y3-22,Y3-22,W,5,C,C,COLL,COLL,MM,Moderate,,18,15,3,,,,,22,5,30,25,,,,3,1978,41
Yanamarey,Andes,,3,Y3-20,Y3-20,W,40,M,M,COLL,COLL,MM,High,,18.5,13.5,5,,,,,9.5,7,50,15,0,,,6,1972,47
Yanamarey,Andes,,3,Y3-18,Y3-18,W,35,M,M,RILL,RILL,IE,Moderate,,13,8,5,,,,,42,10,25,10,,,,4,1977,42
Yanamarey,Andes,,3,Y3-14,Y3-14,no,0,S,S,lMOR,lMOR,no,No,,31.5,15.5,16,,,,,17.5,8,18,25,0,,,5,1971,48
Yanamarey,Andes,,3,Y3-12,Y3-12,W,40,M,M,COLL ; BROCK,MIX,DS,High,,15,6,9,,,,,1,4,30,50,,,,4,1984,35
Yanamarey,Andes,,3,Y3-10,Y3-10,no,0,C,C,gMOR,gMOR,no,No,,20,15,5,,,,,30,10,35,5,,,,5,1968,51
Yanamarey,Andes,,3,Y3-06,Y3-06,E,25,C,C,lMOR,lMOR,AD,Low,,13.5,4.5,9,,,,,44.5,16,20,6,0,,,5,1984,35
Yanamarey,Andes,,3,Y3-05,Y3-05,W,50,M,M,COLL,COLL,DS ; GL,High,,11.5,11,0.5,,,,,51.5,11.5,11.5,14,0,,,7,1975,44
Yanamarey,Andes,,3,Y3-04,Y3-04,SW,35,M,M,lMOR,lMOR,no,Moderate,,31.6,11.6,20,,,,,5,5,43.4,15,,,,9,1965,54
Yanamarey,Andes,,3,Y3-02,Y3-02,N,5,M,M,gMOR,gMOR,MM,Low,,9.5,4.5,5,,,,,1.5,43,43,3,0,,,2,1971.5,47.5
Yanamarey,Andes,,3,Y3-01,Y3-01,SW,30,C,C,lMOR,lMOR,MM,Low,,24,20,4,,,,,31,11,23,11,0,,,6,1979.5,39.5
Yanamarey,Andes,,2,Y2-26,Y2-26,W,25,M,M,lMOR,lMOR,MM,Moderate,,11,10,1,,,,,52,7,15,15,,,,2,1998,21
Yanamarey,Andes,,2,Y2-25,Y2-25,SW,65,M,M,BROCK,BROCK,no,No,,0,0,0,,,,,0,0,0,0,100,,,??,2004,15
Yanamarey,Andes,,2,Y2-23,Y2-23,SE,25,C,C,lMOR,lMOR,MM,Low,,42,2,40,,,,,7,5,19,27,,,,4,2003.75,15.25
Yanamarey,Andes,,2,Y2-21,Y2-21,S,8,S,S,FLUV ; RILL,MIX,W ; IE,No,,40,10,30,,,,,4,6,15,35,,,,3,2001.5,17.5
Yanamarey,Andes,,2,Y2-20,Y2-20,S,25,M,M,lMOR,lMOR,MM,Low,,9,8,1,,,,,55,14,22,0,0,,,2,1997,22
Yanamarey,Andes,,2,Y2-18,Y2-18,SE,20,M,M,lMOR,lMOR,MM,Low,,30,10,20,,,,,20,5,35,10,,,,3,2003,16
Yanamarey,Andes,,2,Y2-16,Y2-16,W,20,M,M,lMOR,lMOR,MM,Moderate,,1,0.5,0.5,,,,,47,17,35,0,0,,,2,1997,22
Yanamarey,Andes,,2,Y2-15,Y2-15,W,5,M,M,lMOR,lMOR,MM,Moderate,,20.5,3.5,17,,,,,21.5,10,34,14,0,,,4,1992,27
Yanamarey,Andes,,2,Y2-14,Y2-14,W,45,M,M,lMOR,lMOR,MM,High,,10,2,8,,,,,3,7,35,45,,,,4,1989.6,29.4
Yanamarey,Andes,,2,Y2-12,Y2-12,W,10,M,M,lMOR,lMOR,MM,Moderate,,16,1,15,,,,,14,20,20,30,,,,1,2004,15
Yanamarey,Andes,,2,Y2-11,Y2-11,SW,70,M,M,BROCK ; COLL,MIX,MM,High,,0.5,0,0.5,,,,,47,17,35.5,0,0,,,1,2003.5,15.5
Yanamarey,Andes,,2,Y2-09,Y2-09,E,35,M,M,lMOR,lMOR,DS,Low,,44,4,40,,,,,1,5,30,20,,,,6,1992,27
Yanamarey,Andes,,2,Y2-07,Y2-07,E,30,M,M,lMOR,lMOR,DS,Moderate,,18,8,10,,,,,27,15,30,10,0,,,4,1989.3,29.7
Yanamarey,Andes,,2,Y2-06,Y2-06,S,20,M,M,lMOR,lMOR,MM,Low,,13.5,1.5,12,,,,,50,10.5,24,2,0,,,3,1994,25
Yanamarey,Andes,,2,Y2-04,Y2-04,S,20,M,M,COLL,COLL,MM,Low,,28,3.4,24.6,,,,,7,5,45,15,,,,8,1992.5,26.5
Yanamarey,Andes,,2,Y2-03,Y2-03,W,10,M,M,lMOR,lMOR,MM,High,,35,12.5,22.5,,,,,1,10,34,20,,,,5,1989.5,29.5
Yanamarey,Andes,,1,Y1-29,Y1-29,SE,,High slope,C-M,lMOR,lMOR,MM,High,,1.25,1,0.25,,,,,8.75,10,30,50,,,,1,2009.5,9.5
Yanamarey,Andes,,1,Y1-26,Y1-26,S,15,C,C,lMOR,lMOR,IE,Moderate,,3.5,3,0.5,,,,,23.5,8,40,25,,,,2,2010,9
Yanamarey,Andes,,1,Y1-24,Y1-24,SE,55,M,M,COLL,COLL,MM,High,,0.2,0.2,0,,,,,46.8,5,45,3,,,,1,2007,12
Yanamarey,Andes,,1,Y1-22,Y1-22,no,0,C,C,lMOR,lMOR,MM,Low,,0.5,0.5,0,,,,,65.5,9,17,8,0,,,1,2011,8
Yanamarey,Andes,,1,Y1-20,Y1-20,SW,40,High slope,C-M,lMOR,lMOR,MM,High,,3.5,1.5,2,,,,,38.5,23,13,22,0,,,1,2007.5,11.5
Yanamarey,Andes,,1,Y1-18,Y1-18,SW,0,M,M,COLL,COLL,MM,High,,0.8,0.5,0.3,,,,,0,0,25,74.2,0,,,1,2008.5,10.5
Yanamarey,Andes,,1,Y1-17,Y1-17,W,50,M,M,BROCK ; COLL,MIX,MM,High,,4,0,4,,,,,1,9,10,76,0,,,1,2010,9
Yanamarey,Andes,,1,Y1-14,Y1-14,E,20,C,C,lMOR,lMOR,MM,High,,1.5,1.5,0,,,,,73.5,6,15,4,0,,,1,2012,7
Yanamarey,Andes,,1,Y1-13,Y1-13,E,15,C,C,lMOR,lMOR,MM,Moderate,,0,0,0,,,,,40,12,8,40,0,,,1,2012.2,6.8
Yanamarey,Andes,,1,Y1-12,Y1-12,SW,45,M,M,lMOR,lMOR,MM,High,,1.1,0.1,1,,,,,8,10,40,40.9,,,,1,2009,10
Yanamarey,Andes,,1,Y1-10,Y1-10,E,60,M,M,BROCK,BROCK,no,No,,6,1,5,,,,,4,10,30,50,0,,,1,2010,9
Yanamarey,Andes,,1,Y1-09,Y1-09,E,20,M,M,lMOR,lMOR,no,Low,,0,0,0,,,,,0,0,0,0,,,,0,2012,7
Yanamarey,Andes,,1,Y1-07,Y1-07,S,10,M,M,lMOR,lMOR,MM,Moderate,,7,7,0,,,,,0,36,50,7,0,,,3,2007,12
Yanamarey,Andes,,1,Y1-06,Y1-06,E,25,M,M,lMOR,lMOR,MM,Moderate,,5,1,4,,,,,10,5,20,60,0,,,1,2010,9
Yanamarey,Andes,,1,Y1-04,Y1-04,SE,70,S,S,BROCK,BROCK,no,No,,5.5,1.5,4,,,,,10.5,9,20,55,,,,2,2010,9
Yanamarey,Andes,,1,Y1-03,Y1-03,S,35,M,M,lMOR ; FLUV,MIX,MM ; W,High,,0,0,0,,,,,0,0,0,100,,,,0,2011.5,7.5
Yanamarey,Andes,,1,Y1-01,Y1-01,W,35,M,M,lMOR,lMOR,MM,High,,0.5,0.5,0,,,,,0.5,5,39,55,,,,1,2007.5,11.5
Uruashraju,Andes,,LIA,ULIA-20,ULIA-20,W,50,M,M,NA,NA,no,No,,92,83,9,100,,,2,4,0,1,3,0,,8,9,1850,169
Uruashraju,Andes,,LIA,ULIA-19,ULIA-19,W,5,S,S,LiaMOR,LiaMOR,no,No,,100,97,3,100,,,2,0,0,0,0,0,,0,3,1850,169
Uruashraju,Andes,,LIA,ULIA-17,ULIA-17,S,10,M,M,FLUV,FLUV,no,No,,100,70,30,100,,,2,0,0,0,0,0,,0,5,1850,169
Uruashraju,Andes,,LIA,ULIA-15,ULIA-15,W,20,M,M,LiaMOR,LiaMOR,no,No,,51,41,10,100,,,2,8,0,11,30,0,,49,8,1850,169
Uruashraju,Andes,,LIA,ULIA-14,ULIA-14,W,25,S,S,LiaMOR,LiaMOR,no,No,,90,72,18,100,,,1.5,10,0,0,0,0,,10,7,1850,169
Uruashraju,Andes,,LIA,ULIA-13,ULIA-13,W,50,?,na,NA,NA,no,No,,92,88,4,100,0,0,1.5,2,0,3,3,0,,8,6,1850,169
Uruashraju,Andes,,LIA,ULIA-12,ULIA-12,W,30,M,M,LiaMOR,LiaMOR,no,No,,76,54,22,20,,6,2.5,10,0,8,6,0,,24,11,1850,169
Uruashraju,Andes,,LIA,ULIA-11,ULIA-11,W,10,M,M,FLUV,FLUV,no,No,,92,82,10,100,,,2.5,8,0,0,0,0,,8,4,1850,169
Uruashraju,Andes,,LIA,ULIA-07,ULIA-07,W,10,S,S,FLUV,FLUV,no,No,,99,98,1,100,,,1.5,1,0,0,0,0,,1,7,1850,169
Uruashraju,Andes,,LIA,ULIA-02,ULIA-02,no,0,S,S,NA,NA,no,No,,na,NA,NA,NA,NA,NA,NA,NA,NA,NA,NA,0,,,8,1850,169
Uruashraju,Andes,,4,UB4-20,UB4-20,W,35,M,M,lMOR,lMOR,MM,Moderate,,45,15,30,100,,0,1,13,7,30,5,0,,55,9,1953,66
Uruashraju,Andes,,4,UB4-19,UB4-19,E,30,S,S,COLL,COLL,DS,High,,52,30,22,100,,,2,2,1,25,20,0,,48,5,1952.5,66.5
Uruashraju,Andes,,4,UB4-18,UB4-18,W,50,M,M,lMOR,lMOR,MM,High,,44,24,20,100,,,2.5,8,26,12,10,0,,56,13,1952,67
Uruashraju,Andes,,4,UB4-17,UB4-17,E,35,M,M,COLL,COLL,DS,High,,14.2,5.2,9,20,0,80,1.5,6.8,7,40,32,0,,85.8,4,1951,68
Uruashraju,Andes,,4,UB4-16,UB4-16,SW,35,M,M,lMOR,lMOR,MM,High,,25,9,16,14,,2,2,35,17,20,3,0,,75,10,1953.5,65.5
Uruashraju,Andes,,4,UB4-15,UB4-15,S,15,S,S,COLL,COLL,MM,Low,,84,72.7,11.3,80,0,20,1.5,0,0,4,12,0,,16,7,1949,70
Uruashraju,Andes,,4,UB4-11,UB4-11,S,5,M,M,lMOR,lMOR,MM,Low,,74.5,12.5,62,,,,,0,6.5,15,4,0,,25.5,7,1956,63
Uruashraju,Andes,,4,UB4-10,UB4-10,SW,30,M,M,lMOR,lMOR,MM,Moderate,,67,30,37,30,,7,2,0.5,2.5,13,17,0,,33,9,1957,62
Uruashraju,Andes,,4,UB4-09,UB4-09,W,35,M,M,lMOR,lMOR,MM,High,,25,10,15,100,,,2,7,35,30,3,0,,75,7,1955,64
Uruashraju,Andes,,4,UB4-08,UB4-08,SE,30,M,M,COLL,COLL,DS,High,,40,30,10,100,,,3,3,5,50,2,0,,60,5,1950,69
Uruashraju,Andes,,4,UB4-07,UB4-07,SW,25,M,M,lMOR,lMOR,no,Low,,58.2,23.2,35,50,0,50,0.5,9.8,20,5,7,0,,41.8,9,1950,69
Uruashraju,Andes,,4,UB4-05,UB4-05,W,30,M,M,lMOR,lMOR,MM,Moderate,,26.3,17.3,9,100,0,0,1,13.7,10,35,15,0,,73.7,14,1951.5,67.5
Uruashraju,Andes,,4,UB4-04,UB4-04,W,45,M,M,lMOR,lMOR,MM,High,,32,15,17,100,0,0,1,8,17,30,13,0,,68,10,1951.5,67.5
Uruashraju,Andes,,4,UB4-02,UB4-02,S,15,M,M,COLL,COLL,DS,Moderate,,61,26,35,70,0,30,0.5,6,5,25,3,0,,39,8,1954,65
Uruashraju,Andes,,4,UB4-01,UB4-01,E,40,M,M,COLL,COLL,DS,High,,14,8,6,,,,2,5,2,75,4,0,,86,2,1951,68
Uruashraju,Andes,,3,UB3-20,UB3-20,W,10,S,S,gMOR,gMOR,no,Low,,15,11,4,100,,,1.5,35,35,12,3,0,,85,2,1981,38
Uruashraju,Andes,,3,UB3-19,UB3-19,W,20,M,M,lMOR,lMOR,MM,Moderate,,18.1,14.1,4,100,0,0,1,5,48.9,18,10,0,,81.9,5,1965,54
Uruashraju,Andes,,3,UB3-18,UB3-18,SW,35,M,M,FLUV,FLUV,W,Moderate,,58,33,25,100,,,2,2,4,6,30,0,,42,7,1976,43
Uruashraju,Andes,,3,UB3-17,UB3-17,S,30,M,M,lMOR,lMOR,MM,Moderate,,20,10,10,100,,,1.2,45,10,20,5,0,,80,2,1983,36
Uruashraju,Andes,,3,UB3-16,UB3-16,SW,10,M,M,FLUV,FLUV,W,Low,,68,28,40,100,,,2,10,5,7,10,0,,32,4,1981,38
Uruashraju,Andes,,3,UB3-14,UB3-14,W,40,M,M,lMOR,lMOR,MM,Moderate,,16,11,5,100,0,0,1.5,40,15,29,0,0,,84,4,1982.2,36.8
Uruashraju,Andes,,3,UB3-13,UB3-13,S,5,S,S,gMOR ; RILL,MIX,IE,Moderate,,20,15,5,100,0,0,1.2,15,26,25,14,0,,80,4,1985,34
Uruashraju,Andes,,3,UB3-12,UB3-12,W,15,S,S,gMOR ; RILL,MIX,IE,Moderate,,15,8,7,100,0,0,1,40,20,20,5,0,,85,4,1985.5,33.5
Uruashraju,Andes,,3,UB3-11,UB3-11,S,35,M,M,lMOR,lMOR,MM,Low,,33,5,28,100,0,0,0.5,6,34,12,15,0,,67,5,1981,38
Uruashraju,Andes,,3,UB3-10,UB3-10,no,10,S,S,FLUV,FLUV,W,Low,,13.4,10.4,3,100,0,0,0.5,12,45.6,9,20,0,,86.6,4,1982,37
Uruashraju,Andes,,3,UB3-09,UB3-09,S,5,S,S,lMOR,lMOR,no,No,,13.7,3.7,10,100,0,0,0.5,9,34.3,27,16,0,,86.3,3,1979,40
Uruashraju,Andes,,3,UB3-06,UB3-06,SW,30,M,M,FLUV,FLUV,W,Low,,83,25,58,100,,,2,2,4,5,6,0,,17,7,1968,51
Uruashraju,Andes,,3,UB3-05,UB3-05,S,10,M,M,lMOR,lMOR,no,Low,,19.5,5.5,14,100,0,0,0.5,1,27.5,44,8,0,,80.5,3,1977.5,41.5
Uruashraju,Andes,,3,UB3-04,UB3-04,SW,15,S,S,FLUV,FLUV,W,Moderate,,24.6,9.6,15,100,0,0,1,46.4,8,20,1,0,,75.4,6,1983,36
Uruashraju,Andes,,3,UB3-03,UB3-03,W,25,M,M,lMOR,lMOR,no,Low,,na,NA,NA,NA,NA,NA,NA,NA,NA,NA,NA,0,,,NA,,
Uruashraju,Andes,,3,UB3-02,UB3-02,SW,30,M,M,lMOR,lMOR,MM,Low,,32,7,25,100,,,2.8,5,26,35,2,0,,68,3,1977,42
Uruashraju,Andes,,3,UB3-01,UB3-01,W,10,M,M,lMOR,lMOR,MM,M/H,,18.6,7.6,11,60,0,40,0.5,33.4,2,38,8,0,,81.4,5,1966.5,52.5
Uruashraju,Andes,,2,UB2-20,UB2-20,W,45,M,M,lMOR,lMOR,MM,High,,9.3,3.3,6,100,0,0,1,8,19,46.7,17,0,,90.7,3,1996,23
Uruashraju,Andes,,2,UB2-19,UB2-19,SW,40,M,M,lMOR,lMOR,MM,High,,14.3,1.3,13,100,0,0,1,1,4,62.7,18,0,,85.7,2,1994,25
Uruashraju,Andes,,2,UB2-18,UB2-18,SW,20,M,M,lMOR,lMOR,MM,High,,29,15,14,100,,,2,15,8,35,13,0,,71,1,2000,19
Uruashraju,Andes,,2,UB2-16,UB2-16,W,5,S,S,lMOR,lMOR,MM,Low,,9,4,5,100,,,1,17,16,40,18,0,,91,2,1994.5,24.5
Uruashraju,Andes,,2,UB2-15,UB2-15,W,15,S,S,lMOR,lMOR,MM,Low,,18,17,1,100,,,1,30,10,37,5,0,,82,3,1989,30
Uruashraju,Andes,,2,UB2-13,UB2-13,S,5,S,S,lMOR ; FLUV,MIX,W,Low,,9,6,3,100,,,1,35,26,15,15,0,,91,2,1995,24
Uruashraju,Andes,,2,UB2-12,UB2-12,W,35,M,M,lMOR,lMOR,MM,High,,11.2,1.2,10,100,0,0,2,2,15,58.8,13,0,,88.8,2,1997.5,21.5
Uruashraju,Andes,,2,UB2-11,UB2-11,SW,50,M,M,lMOR,lMOR,MM,High,,25,7,18,100,,,2,2,7,51,15,0,,75,2,1992.5,26.5
Uruashraju,Andes,,2,UB2-10,UB2-10,W,35,M,M,lMOR,lMOR,MM,High,,11,6,5,100,,,1.5,50,20,10,9,0,,89,4,1998,21
Uruashraju,Andes,,2,UB2-09,UB2-09,SW,10,S,S,LMOR ; FLUV,MIX,MM,Low,,59.6,9.6,50,100,0,0,3,1,1,24.4,14,0,,40.4,3,1992.5,26.5
Uruashraju,Andes,,2,UB2-08,UB2-08,SW,15,M,M,RILL,RILL,IE,Moderate,,12,1,11,100,0,0,2,3,37,45,3,0,,88,1,1990.5,28.5
Uruashraju,Andes,,2,UB2-07,UB2-07,S,5,S,S,COLL,COLL,MM,Moderate,,1.5,0.5,1,100,0,0,0.3,60.5,6,15,17,0,,98.5,1,2000,19
Uruashraju,Andes,,2,UB2-06,UB2-06,W,30,M,M,lMOR,lMOR,MM,High,,11.1,1.1,10,100,0,0,2,3,4,63.9,18,0,,88.9,2,1999,20
Uruashraju,Andes,,2,UB2-05,UB2-05,W,40,M,M,lMOR,lMOR,MM,High,,33,3,30,100,,,1.2,18,5,29,15,0,,67,2,1997,22
Uruashraju,Andes,,2,UB2-04,UB2-04,W,45,M,M,lMOR,lMOR,MM,High,,10,9,1,100,0,0,0.5,1,1,82,6,0,,90,1,1992,27
Uruashraju,Andes,,2,UB2-03,UB2-03,NW,30,M,M,RILL ; lMOR,MIX,IE ; MM,High,,4,3,1,100,0,0,0.2,18,48,28,2,0,,96,3,2001,18
Uruashraju,Andes,,2,UB2-02,UB2-02,S,10,S,S,FLUV; COLL,MIX,W,High,,0,0,0,0,0,0,,35,35,15,15,0,,100,0,1997.5,21.5
Uruashraju,Andes,,1,UB1-18,UB1-18,SW,5,S,S,lMOR ; FLUV,MIX,no,Low,,17,1,16,100,,,1.5,27,33,18,5,0,,83,3,2006,13
Uruashraju,Andes,,1,UB1-17,UB1-17,W,20,M,M,lMOR,lMOR,MM,High,,0,0,0,,,,,16,49,15,20,0,,100,0,2016,3
Uruashraju,Andes,,1,UB1-16,UB1-16,W,40,M,M,lMOR,lMOR,MM,High,,2,2,0,0,0,0,0,51,4,23,20,0,,98,1,2012,7
Uruashraju,Andes,,1,UB1-15,UB1-15,W,10,M,M,FLUV,FLUV,W,High,,4,2,2,100,0,0,1,2,8,19,67,0,,96,1,2009,10
Uruashraju,Andes,,1,UB1-14,UB1-14,N,35,M,M,lMOR,lMOR,MM,High,,26.3,0.3,26,100,0,0,1,22.7,9,38,4,0,,73.7,1,2007,12
Uruashraju,Andes,,1,UB1-13,UB1-13,,,,,,,,,,0,0,0,0,0,0,0,0,0,0,100,0,,100,0,2012,7
Uruashraju,Andes,,1,UB1-11,UB1-11,W,45,M,M,lMOR,lMOR,MM,High,,7.28,1.78,5.5,100,0,0,1.5,12,8,18.72,54,0,,92.72,2,2009,10
Uruashraju,Andes,,1,UB1-09,UB1-09,W,40,M,M,lMOR,lMOR,MM,High,,0,0,0,0,0,0,0,21,46,27,6,0,,100,0,2017,2
Uruashraju,Andes,,1,UB1-08,UB1-08,SW,30,M,M,lMOR,lMOR,MM,High,,4.1,3.8,0.3,100,0,0,0.5,1,7,81.9,6,0,,95.9,4,2009,10
Uruashraju,Andes,,1,UB1-07,UB1-07,S,10,M,M,COLL,COLL,MM,Moderate,,6,5.5,0.5,100,0,0,1,6,50,15,23,0,,94,3,2005,14
Uruashraju,Andes,,1,UB1-06,UB1-06,SW,15,M,M,FLUV,FLUV,W ; MM,High,,10,3,7,100,,,2.5,40,14,26,10,0,,90,1,2009,10
Uruashraju,Andes,,1,UB1-05,UB1-05,W,20,M,M,FLUV ; COLL,MIX,W ; MM,Moderate,,21.7,1.7,20,100,0,0,1,1,5,19,53.3,0,,78.3,3,2007,12
Uruashraju,Andes,,1,UB1-04,UB1-04,SW,10,M,M,COLL,COLL,MM,Low,,5,0,5,100,0,0,2,1,21,70,3,0,,95,0,2007,12
Uruashraju,Andes,,1,UB1-03,UB1-03,W,30,M,M,lMOR,lMOR,MM,High,,0.05,0.05,0,0,0,0,0,45,36.95,18,0,0,,99.95,1,2015,4
Uruashraju,Andes,,1,UB1-02,UB1-02,W,30,M,M,lMOR,lMOR,MM,High,,6.1,5.1,1,100,0,0,1,6,6,66.9,15,0,,93.9,3,2007,12
Uruashraju,Andes,,1,UB1-01,UB1-01,SW,10,M,M,FLUV ; COLL,MIX,MM,Moderate,,51,11,40,100,0,0,2,4,15,10,20,0,,49,NA,2006,13
Broggi,Andes,,LIA,BRLIA-X5,BRLIA-X5,W,5,M,M,LiaMOR,LiaMOR,no,No,,77,52,25,100,,,2,0,0,10,13,,,23,9,1850,169
Broggi,Andes,,LIA,BRLIA-X4,BRLIA-X4,S,10,M,M,LiaMOR,LiaMOR,no,No,,54,34,20,100,,,2,0,0,18,28,,,46,8,1850,169
Broggi,Andes,,LIA,BRLIA-X3,BRLIA-X3,SW,0,M,M,LiaMOR,LiaMOR,no,No,,70,40.8,29.2,100,0,0,2,6,0,5,19,,,30,9,1850,169
Broggi,Andes,,LIA,BRLIA-X2,BRLIA-X2,S,10,M,M,LiaMOR ; COLL,MIX,no,No,,93.5,93.5,0,0,0,0,0,3,0,0,3.5,,,6.5,8,1850,169
Broggi,Andes,,LIA,BRLIA-X1,BRLIA-X1,S,20,M,M,LiaMOR ; COLL,MIX,no,No,,86,82,4,2,,2,1.5,0,0,1,13,,,14,9,1850,169
Broggi,Andes,,LIA,BRLIA-09,BRLIA-09,S,35,M,M,COLL,COLL,no,No,,98,41.6,56.4,100,0,0,1,0,0,1,1,,,2,8,1850,169
Broggi,Andes,,LIA,BRLIA-08,BRLIA-08,S,45,C,C,LiaMOR,LiaMOR,no,No,,85,70,15,100,,,2.5,0,0,15,0,,,15,8,1850,169
Broggi,Andes,,LIA,BRLIA-07,BRLIA-07,S,10,M,M,LiaMOR,LiaMOR,no,No,,93,64,29,28,,1,2,0,0,7,0,,,7,7,1850,169
Broggi,Andes,,LIA,BRLIA-03,BRLIA-03,SW,15,M,M,LiaMOR,LiaMOR,no,No,,80,54,26,100,,,2,0,0,20,0,,,20,7,1850,169
Broggi,Andes,,LIA,BRLIA-01,BRLIA-01,W,30,M,M,COLL,COLL,no,No,,81,47.4,33.6,100,0,0,2,3,0,6,10,,,19,9,1850,169
Broggi,Andes,,4,BR4-20,BR4-20,SW,40,M,M,lMOR,lMOR,no,No,,93,13,80,76,,4,1.5,2,2,1,2,,,7,7,1953,66
Broggi,Andes,,4,BR4-18,BR4-18,SE,25,M,M,lMOR,lMOR,MM,Moderate,,46,8.6,37.4,15,,12.4,2,24,8,10,12,,,54,6,1959,60
Broggi,Andes,,4,BR4-17,BR4-17,SW,45,M,M,lMOR,lMOR,MM,Moderate,,68,8.5,59.5,56.5,,3,1.5,10,4,12,6,,,32,4,1953,66
Broggi,Andes,,4,BR4-16,BR4-16,SW,35,M,M,COLL,COLL,MM,Moderate,,59,12.6,46.4,43,,3.4,2,0,5,18,18,,,41,6,1961,58
Broggi,Andes,,4,BR4-15,BR4-15,SW,40,M,M,COLL,COLL,MM,High,,63.5,13.5,50,90,0,10,4,0,3.5,30,3,,,36.5,3,1955,64
Broggi,Andes,,4,BR4-14,BR4-14,SW,5,S,S,COLL,COLL,no,No,,40,8,32,24,,8,2,0,10,40,10,,,60,6,1955,64
Broggi,Andes,,4,BR4-13,BR4-13,SE,5,S,S,lMOR ; FLUV,MIX,W,Low,,35.8,5.8,30,98,0,2,2,2,29.2,27,6,,,64.2,5,1955,64
Broggi,Andes,,4,BR4-10,BR4-10,SW,40,M,M,COLL,COLL,MM,Low,,68,26,42,36,,14.5,2,0,7,25,0,,,32,7,1948,71
Broggi,Andes,,4,BR4-09,BR4-09,SE,10,M,M,lMOR,lMOR,MM,Moderate,,51,11,40,34,,5,1.5,10,29,5,5,,,49,7,1953,66
Broggi,Andes,,4,BR4-08,BR4-08,S,10,NA,NA,gMOR ; RILL,MIX,IE,Low,,39.2,9.2,30,60,0,40,3,2,3,41.8,14,,,60.8,4,1965.5,53.5
Broggi,Andes,,4,BR4-07,BR4-07,SW,30,M,M,COLL,COLL,MM,Low,,60,10,50,46,,4,2,1,10,15,14,,,40,4,1949,70
Broggi,Andes,,4,BR4-05,BR4-05,SW,30,S,S,COLL; FLUV,COLL; FLUV,W,Low,,78,23.8,54.2,98,0,2,4,0,3,9,10,,,22,11,1955.5,63.5
Broggi,Andes,,4,BR4-04,BR4-04,no,5,C,C,lMOR,lMOR,no,No,,83,19.3,63.7,100,0,0,2,6,2,5,4,,,17,4,1955.5,63.5
Broggi,Andes,,4,BR4-02,BR4-02,SW,40,M,M,COLL,COLL,no,Low,,49.8,13.8,36,99,0,1,2,2,17.2,15,16,,,50.2,6,1951,68
Broggi,Andes,,4,BR4-01,BR4-01,SE,10,M,M,gMOR,gMOR,no,No,,29,12,17,7,,10,2,2,20,37,12,,,71,4,1965.5,53.5
Broggi,Andes,,3,BR3-20,BR3-20,SW,20,M,M,gMOR,gMOR,no,Low,,38.8,9.8,29,60,0,40,2,3,27.2,24,7,,,61.2,8,1978,41
Broggi,Andes,,3,BR3-19,BR3-19,S,10,M,M,lMOR ; FLUV,lMOR ; FLUV,W,Low,,79,4,75,100,,,1,0,1,17,3,,,21,2,1979,40
Broggi,Andes,,3,BR3-18,BR3-18,S,5,M,M,gMOR,gMOR,no,No,,19.1,5.1,14,80,0,20,3,45.9,8,20,7,,,80.9,7,1980.9,38.1
Broggi,Andes,,3,BR3-16,BR3-16,S,20,M,M,COLL,COLL,MM,Low,,39,14,25,100,,,2,20,16,15,10,,,61,4,1986.7,32.3
Broggi,Andes,,3,BR3-15,BR3-15,SW,35,M,M,COLL,COLL,MM,Low,,21.6,6.6,15,90,0,10,2,0,1,61.4,16,,,78.4,5,1978,41
Broggi,Andes,,3,BR3-14,BR3-14,S,5,M,M,lMOR,lMOR,no,No,,27.6,9.6,18,90,0,10,3,0,6,45.4,21,,,72.4,7,1977.2,41.8
Broggi,Andes,,3,BR3-13,BR3-13,S,30,M,M,COLL,COLL,MM,Low,,29.1,11.1,18,80,0,20,1,1,6,54.9,9,,,70.9,6,1984.3,34.7
Broggi,Andes,,3,BR3-12,BR3-12,SW,5,M,M,FLUV,FLUV,W,Low,,24,21,3,100,,,2,27,32,5,12,,,76,6,1982,37
Broggi,Andes,,3,BR3-11,BR3-11,S,45,M,M,COLL,COLL,DS,High,,0.5,0,0.5,100,0,0,2,83,7.5,2,7,,,99.5,0,1984.9,34.1
Broggi,Andes,,3,BR3-10,BR3-10,SW,35,M,M,COLL,COLL,MM,Moderate,,28,12,16,99,0,1,1.5,0,6,51,15,,,72,5,1977.3,41.7
Broggi,Andes,,3,BR3-08,BR3-08,SW,5,M,M,gMOR,gMOR,no,No,,38,8,30,10,,20,1,4,43,10,5,,,62,5,1981,38
Broggi,Andes,,3,BR3-07,BR3-07,S,5,M,M,lMOR,lMOR,no,No,,23,8,15,40,0,60,3.5,2,28,44,3,,,77,4,1980.3,38.7
Broggi,Andes,,3,BR3-06,BR3-06,S,15,M,M,FLUV,FLUV,W,Low,,12.2,12.2,0,0,0,0,0,29.8,10,40,8,,,87.8,8,1971,48
Broggi,Andes,,3,BR3-05,BR3-05,SW,10,M,M,FLUV,FLUV,W,Low,,47,12,35,33,,2,1,0,8,30,15,,,53,7,1981,38
Broggi,Andes,,3,BR3-03,BR3-03,S,30,M,M,COLL ; FLUV,MIX,MM,Low,,32,22,10,100,,,1.5,0,3,55,10,,,68,5,1985,34
Broggi,Andes,,3,BR3-02,BR3-02,SW,15,M,M,lMOR,lMOR,MM,Moderate,,19.4,1.4,18,80,0,20,3,0,11,55.6,14,,,80.6,3,1980.9,38.1
Broggi,Andes,,3,BR3-01,BR3-01,S,20,M,M,lMOR,lMOR,MM,Moderate,,26,6,20,100,,,2,6,20,38,10,,,74,4,1983.8,35.2
Broggi,Andes,,2,BR2-20,BR2-20,SW,30,M,M,COLL,COLL,MM,High,,38,13,25,100,,,2,22,5,20,15,,,62,2,1990,29
Broggi,Andes,,2,BR2-18,BR2-18,SW,10,M,M,COLL,COLL,MM,Moderate,,6.5,2.5,4,100,0,0,1,0,1,64.5,28,,,93.5,2,2000.4,18.6
Broggi,Andes,,2,BR2-16,BR2-16,SW,40,M,M,COLL,COLL,MM,Moderate,,15,12,3,100,,,1.5,5,15,50,15,,,85,6,1991.3,27.7
Broggi,Andes,,2,BR2-15,BR2-15,S,25,M,M,COLL,COLL,MM,Moderate,,28,5,23,60,0,40,2,0,24,32,16,,,72,3,1990.5,28.5
Broggi,Andes,,2,BR2-14,BR2-14,SW,30,M,M,COLL,COLL,MM,Moderate,,23,11,12,100,0,0,5,0,3,37,37,,,77,9,1989.5,29.5
Broggi,Andes,,2,BR2-13,BR2-13,E,30,C,C,lMOR,lMOR,DS,Moderate,,20.2,10.2,10,60,0,40,2,0,1,11,67.8,,,79.8,5,1990,29
Broggi,Andes,,2,BR2-12,BR2-12,SE,40,M,M,COLL,COLL,MM,High,,8,7,1,100,,,2,5,17,60,10,,,92,7,1990,29
Broggi,Andes,,2,BR-2-11,BR-2-11,E,10,C,C,COLL,COLL,MM,Moderate,,36.05,29.05,7,25,,75,2,1,6,28.95,28,,,63.95,8,1991,28
Broggi,Andes,,2,BR2-10,BR2-10,W,40,M,M,COLL,COLL,MM,Moderate,,16.5,5.5,11,100,0,0,0.5,41.5,8,20,14,,,83.5,5,1997,22
Broggi,Andes,,2,BR2-09,BR2-09,W,20,C,C,COLL,COLL,MM,High,,5.5,1.5,4,100,0,0,0.5,1,3,50.5,40,,,94.5,2,1995,24
Broggi,Andes,,2,BR2-07b,BR2-07b,SW,85,M,M,BROCK,BROCK,no,No,,0,0,0,0,0,0,0,0,0,0,0,100,,100,0,,27.5
Broggi,Andes,,2,BR2-07,BR2-07,SE,45,M,M,COLL,COLL,MM,High,,28,27,1,100,,,2,3,9,25,35,,,72,3,1991.5,27.5
Broggi,Andes,,2,BR2-06,BR2-06,S,45,M,M,COLL,COLL,MM,High,,3.9,0.9,3,100,0,0,0.5,50.1,10,13,23,,,96.1,3,1991.5,27.5
Broggi,Andes,,2,BR2-05,BR2-05,SW,40,M,M,COLL,COLL,MM,High,,6,5.5,0.5,100,,,1,65,20,4,5,,,94,3,1991.5,27.5
Broggi,Andes,,2,BR2-04,BR2-04,SE,30,M,M,COLL ; BROCK,MIX,MM,High,,19.5,9.5,10,60,0,40,1.5,2,2,32.5,44,,,80.5,3,1992,27
Broggi,Andes,,2,BR2-03,BR2-03,SW,40,M,M,COLL,COLL,MM,High,,11.5,4.5,7,100,,,1.5,8,15,60.5,5,,,88.5,4,1989.7,29.3
Broggi,Andes,,2,BR2-02,BR2-02,SW,35,M,M,COLL,COLL,MM,Moderate,,21,16,5,100,,,2,3,10,36,30,,,79,5,1991.1,27.9
Broggi,Andes,,2,BR2-01,BR2-01,S,30,M,M,COLL,COLL,MM,Moderate,,26.5,19.5,7,80,0,20,5,3,4,40.5,26,,,73.5,6,1989,30
Broggi,Andes,,1,BR1-20,BR1-20,S,50,M,M,BROCK,BROCK,MM,No,,2,0,2,100,,,1,2,2,1,0,93,,98,0,2003,16
Broggi,Andes,,1,BR1-18,BR1-18,S,40,M,M,COLL ; BROCK,MIX,MM,High,,5,3,2,100,,,1,25,25,20,25,,,95,2,2003,16
Broggi,Andes,,1,BR1-17,BR1-17,SW,75,M,M,BROCK,BROCK,MM,No,,0,0,0,,,,,0,0,0,0,100,,100,0,2003,16
Broggi,Andes,,1,BR1-16,BR1-16,SW,0,M,M,BROCK,BROCK,no,No,,3,0,3,100,,,1,5,5,0,0,87,,97,0,2003,16
Broggi,Andes,,1,BR1-15,BR1-15,S,30,S,S,COLL; BENCH,MIX,MM,Moderate,,7,3,4,100,,,2,3,3,10,77,,,93,2,2003,16
Broggi,Andes,,1,BR1-06,BR1-06,no,0,C,C,COLL ; BENCH,MIX,MM,High,,4.3,0.3,4,100,,,1,10,15,20,50.7,,,95.7,1,2003,16
<<<<<<< HEAD,,,,,,,,,,,,,,,,,,,,,,,,,,,,,,,
=======,,,,,,,,,,,,,,,,,,,,,,,,,,,,,,,
>>>>>>> e1ab3959c288933c8c0acdb0624bd9e554720634,,,,,,,,,,,,,,,,,,,,,,,,,,,,,,,
<<<<<<< HEAD,,,,,,,,,,,,,,,,,,,,,,,,,,,,,,,
=======,,,,,,,,,,,,,,,,,,,,,,,,,,,,,,,
>>>>>>> e1ab3959c288933c8c0acdb0624bd9e554720634,,,,,,,,,,,,,,,,,,,,,,,,,,,,,,,
