id_releve,orga_fournisseur,programmes,date_releve_deb,date_releve_fin,releve_type,observateurs,insee,lieudit,comm_loc,comm_milieu,lithologie,geologie,exposition,pente,rec_total,refbiblio,page,code_perso,id_precision,x_l93,y_l93
8659247,Conservatoire botanique national alpin,ROCVEG,7/21/2020,7/21/2020,Relevé de terrain,VALLEE Sophie / ISENMANN Marc / MERHAN Baptiste / SEGURA Paul / PERRON Rémy,73280,Glacier de Saint-Sorlin,Glacier de Saint-Sorlin,Marge proglaciaire,,,,,<5%,,,Band : 1,P,948820,6456814
8659248,Conservatoire botanique national alpin,ROCVEG,7/21/2020,7/21/2020,Relevé de terrain,VALLEE Sophie / ISENMANN Marc / MERHAN Baptiste / SEGURA Paul / PERRON Rémy,73280,Glacier de Saint-Sorlin,Glacier de Saint-Sorlin,Marge proglaciaire,,,,,10-25%,,,Band : 1,P,948861,6457060
8659249,Conservatoire botanique national alpin,ROCVEG,7/21/2020,7/21/2020,Relevé de terrain,VALLEE Sophie / ISENMANN Marc / MERHAN Baptiste / SEGURA Paul / PERRON Rémy,73280,Glacier de Saint-Sorlin,Glacier de Saint-Sorlin,Marge proglaciaire ; Slab : 6,,,,,5-10%,,,Band : 1,P,948830,6457092
8659250,Conservatoire botanique national alpin,ROCVEG,7/21/2020,7/21/2020,Relevé de terrain,VALLEE Sophie / ISENMANN Marc / MERHAN Baptiste / SEGURA Paul / PERRON Rémy,73280,Glacier de Saint-Sorlin ,Glacier de Saint-Sorlin ,Marge proglaciaire ; Slab : 6 ; décalé car neige,,,,,<5%,,,Band : 1,P,948788,6457179
8659251,Conservatoire botanique national alpin,ROCVEG,7/21/2020,7/21/2020,Relevé de terrain,VALLEE Sophie / ISENMANN Marc / MERHAN Baptiste / SEGURA Paul / PERRON Rémy,73280,Glacier de Saint-Sorlin ,Glacier de Saint-Sorlin ,Marge proglaciaire ; décalé car neige,,,,,<5%,,,Band : 1,P,948650,6457341
8659252,Conservatoire botanique national alpin,ROCVEG,7/21/2020,7/21/2020,Relevé de terrain,VALLEE Sophie / ISENMANN Marc / MERHAN Baptiste / SEGURA Paul / PERRON Rémy,73280,Glacier de Saint-Sorlin ,Glacier de Saint-Sorlin ,Marge proglaciaire ; décalé car neige,,,,,<5%,,,Band : 1,P,948727,6457366
8659253,Conservatoire botanique national alpin,ROCVEG,7/21/2020,7/21/2020,Relevé de terrain,VALLEE Sophie / ISENMANN Marc / MERHAN Baptiste / SEGURA Paul / PERRON Rémy,73280,Glacier de Saint-Sorlin ,Glacier de Saint-Sorlin ,Marge proglaciaire,,,,,<5%,,,Band : 2,P,948720,6457543
8659255,Conservatoire botanique national alpin,ROCVEG,7/21/2020,7/21/2020,Relevé de terrain,VALLEE Sophie / ISENMANN Marc / MERHAN Baptiste / SEGURA Paul / PERRON Rémy,73280,Glacier de Saint-Sorlin ,Glacier de Saint-Sorlin ,Marge proglaciaire,,,,,<5%,,,Band : 3,P,948660,6457663
8659256,Conservatoire botanique national alpin,ROCVEG,7/21/2020,7/21/2020,Relevé de terrain,VALLEE Sophie / ISENMANN Marc / MERHAN Baptiste / SEGURA Paul / PERRON Rémy,73280,Glacier de Saint-Sorlin ,Glacier de Saint-Sorlin ,Marge proglaciaire,,,,,25-50%,,,Band : 3,P,948860,6457716
8659257,Conservatoire botanique national alpin,ROCVEG,7/21/2020,7/21/2020,Relevé de terrain,VALLEE Sophie / ISENMANN Marc / MERHAN Baptiste / SEGURA Paul / PERRON Rémy,73280,Glacier de Saint-Sorlin ,Glacier de Saint-Sorlin ,Marge proglaciaire,,,,,>75%,,,Band : 3,P,948938,6457597
8659258,Conservatoire botanique national alpin,ROCVEG,7/21/2020,7/21/2020,Relevé de terrain,VALLEE Sophie / ISENMANN Marc / MERHAN Baptiste / SEGURA Paul / PERRON Rémy,73280,Glacier de Saint-Sorlin ,Glacier de Saint-Sorlin ,Marge proglaciaire,,,,,10-25%,,,Band : 2,P,948912,6457440
8659263,Conservatoire botanique national alpin,ROCVEG,7/21/2020,7/21/2020,Relevé de terrain,VALLEE Sophie / ISENMANN Marc / MERHAN Baptiste / SEGURA Paul / PERRON Rémy,73280,Glacier de Saint-Sorlin ,Glacier de Saint-Sorlin ,Marge proglaciaire,,,,,10-25%,,,Band : LIA,P,949263,6458043
8659268,Conservatoire botanique national alpin,ROCVEG,7/22/2020,7/22/2020,Relevé de terrain,VALLEE Sophie / ISENMANN Marc / MERHAN Baptiste / SEGURA Paul / PERRON Rémy,73280,Glacier de Saint-Sorlin ,Glacier de Saint-Sorlin ,Marge proglaciaire ; Slab : 20,,,,,5-10%,,,Band : 2,P,949044,6457056
8659271,Conservatoire botanique national alpin,ROCVEG,7/22/2020,7/22/2020,Relevé de terrain,VALLEE Sophie / ISENMANN Marc / MERHAN Baptiste / SEGURA Paul / PERRON Rémy,73280,Glacier de Saint-Sorlin ,Glacier de Saint-Sorlin ,Marge proglaciaire,,,,,10-25%,,,Band : 2,P,948986,6456932
8659274,Conservatoire botanique national alpin,ROCVEG,7/22/2020,7/22/2020,Relevé de terrain,VALLEE Sophie / ISENMANN Marc / MERHAN Baptiste / SEGURA Paul / PERRON Rémy,73280,Glacier de Saint-Sorlin ,Glacier de Saint-Sorlin ,Marge proglaciaire,,,,,5-10%,,,Band : 2,P,949118,6456970
8659280,Conservatoire botanique national alpin,ROCVEG,7/22/2020,7/22/2020,Relevé de terrain,VALLEE Sophie / ISENMANN Marc / MERHAN Baptiste / SEGURA Paul / PERRON Rémy,73280,Glacier de Saint-Sorlin ,Glacier de Saint-Sorlin ,Marge proglaciaire,,,,,50-75%,,,Band : 2,P,949178,6456984
8659284,Conservatoire botanique national alpin,ROCVEG,7/22/2020,7/22/2020,Relevé de terrain,VALLEE Sophie / ISENMANN Marc / MERHAN Baptiste / SEGURA Paul / PERRON Rémy,73280,Glacier de Saint-Sorlin ,Glacier de Saint-Sorlin ,Marge proglaciaire,,,,,5-10%,,,Band : 3,P,949290,6456944
8659285,Conservatoire botanique national alpin,ROCVEG,7/22/2020,7/22/2020,Relevé de terrain,VALLEE Sophie / ISENMANN Marc / MERHAN Baptiste / SEGURA Paul / PERRON Rémy,73280,Glacier de Saint-Sorlin ,Glacier de Saint-Sorlin ,Marge proglaciaire,,,,,50-75%,,,Band : 3,P,949159,6457083
8659287,Conservatoire botanique national alpin,ROCVEG,7/21/2020,7/21/2020,Relevé de terrain,VALLEE Sophie / ISENMANN Marc / MERHAN Baptiste / SEGURA Paul / PERRON Rémy,73280,Glacier de Saint-Sorlin ,Glacier de Saint-Sorlin ,Marge proglaciaire,,,,,5-10%,,,Band : LIA,P,948926,6458252
8659289,Conservatoire botanique national alpin,ROCVEG,7/21/2020,7/21/2020,Relevé de terrain,VALLEE Sophie / ISENMANN Marc / MERHAN Baptiste / SEGURA Paul / PERRON Rémy,73280,Glacier de Saint-Sorlin ,Glacier de Saint-Sorlin ,Marge proglaciaire ;  LIA-99= LIA-06 ; choix aléatoire sur terrain,,,,,>75%,,,Band : LIA,P,949240,6458031
8659290,Conservatoire botanique national alpin,ROCVEG,7/22/2020,7/22/2020,Relevé de terrain,VALLEE Sophie / ISENMANN Marc / MERHAN Baptiste / SEGURA Paul / PERRON Rémy,73280,Glacier de Saint-Sorlin ,Glacier de Saint-Sorlin ,Marge proglaciaire,,,,,5-10%,,,Band : 3,P,949109,6457126
8659291,Conservatoire botanique national alpin,ROCVEG,7/22/2020,7/22/2020,Relevé de terrain,VALLEE Sophie / ISENMANN Marc / MERHAN Baptiste / SEGURA Paul / PERRON Rémy,73280,Glacier de Saint-Sorlin ,Glacier de Saint-Sorlin ,"Marge proglaciaire ; Slab : 17 ; décalé car inaccessible, torrent",,,,,5-10%,,,Band : 2,P,949071,6457091
8659295,Conservatoire botanique national alpin,ROCVEG,7/22/2020,7/22/2020,Relevé de terrain,VALLEE Sophie / ISENMANN Marc / MERHAN Baptiste / SEGURA Paul / PERRON Rémy,73280,Glacier de Saint-Sorlin ,Glacier de Saint-Sorlin ,Marge proglaciaire ; Sand: +,,,,,10-25%,,,Band : 2,P,949053,6457257
8659300,Conservatoire botanique national alpin,ROCVEG,7/22/2020,7/22/2020,Relevé de terrain,VALLEE Sophie / ISENMANN Marc / MERHAN Baptiste / SEGURA Paul / PERRON Rémy,73280,Glacier de Saint-Sorlin ,Glacier de Saint-Sorlin ,Marge proglaciaire ; Slab : 20 ; 0.5% de déchet plastique,,,,,10-25%,,,Band : 3,P,949129,6457226
8659305,Conservatoire botanique national alpin,ROCVEG,7/22/2020,7/22/2020,Relevé de terrain,VALLEE Sophie / ISENMANN Marc / MERHAN Baptiste / SEGURA Paul / PERRON Rémy,73280,Glacier de Saint-Sorlin ,Glacier de Saint-Sorlin ,Marge proglaciaire,,,,,<5%,,,Band : 3,P,949322,6457223
8659308,Conservatoire botanique national alpin,ROCVEG,7/22/2020,7/22/2020,Relevé de terrain,VALLEE Sophie / ISENMANN Marc / MERHAN Baptiste / SEGURA Paul / PERRON Rémy,73280,Glacier de Saint-Sorlin ,Glacier de Saint-Sorlin ,Marge proglaciaire,,,,,25-50%,,,Band : LIA,P,949570,6457811
8659313,Conservatoire botanique national alpin,ROCVEG,7/21/2020,7/21/2020,Relevé de terrain,VALLEE Sophie / ISENMANN Marc / MERHAN Baptiste / SEGURA Paul / PERRON Rémy,73280,Glacier de Saint-Sorlin ,Glacier de Saint-Sorlin ,Marge proglaciaire,,,,,5-10%,,,Band : 1,P,949570,6457811
8659326,Conservatoire botanique national alpin,ROCVEG,7/21/2020,7/21/2020,Relevé de terrain,VALLEE Sophie / ISENMANN Marc / MERHAN Baptiste / SEGURA Paul / PERRON Rémy,73280,Glacier de Saint-Sorlin ,Glacier de Saint-Sorlin ,Marge proglaciaire ; Slab: 8,,,,,5-10%,,,Band : 1,P,948859,6457090
8659328,Conservatoire botanique national alpin,ROCVEG,7/21/2020,7/21/2020,Relevé de terrain,VALLEE Sophie / ISENMANN Marc / MERHAN Baptiste / SEGURA Paul / PERRON Rémy,73280,Glacier de Saint-Sorlin ,Glacier de Saint-Sorlin ,Marge proglaciaire ; Microhabitat : légère D ; Plant_cover: + ; Slab: 11,,,,,,,,Band : 1,P,948794,6456980
8659330,Conservatoire botanique national alpin,ROCVEG,7/21/2020,7/21/2020,Relevé de terrain,VALLEE Sophie / ISENMANN Marc / MERHAN Baptiste / SEGURA Paul / PERRON Rémy,73280,Glacier de Saint-Sorlin ,Glacier de Saint-Sorlin ,Marge proglaciaire ; Microhabitat : D ; Slab : 3,,,,,<5%,,,Band : 1,P,948726,6457150
8659331,Conservatoire botanique national alpin,ROCVEG,7/21/2020,7/21/2020,Relevé de terrain,VALLEE Sophie / ISENMANN Marc / MERHAN Baptiste / SEGURA Paul / PERRON Rémy,73280,Glacier de Saint-Sorlin ,Glacier de Saint-Sorlin ,Marge proglaciaire ; Slab : 1,,,,,<5%,,,Band : 1,P,948721,6457210
8659332,Conservatoire botanique national alpin,ROCVEG,7/21/2020,7/21/2020,Relevé de terrain,VALLEE Sophie / ISENMANN Marc / MERHAN Baptiste / SEGURA Paul / PERRON Rémy,73280,Glacier de Saint-Sorlin ,Glacier de Saint-Sorlin ,Marge proglaciaire ; Microhabitat : bord de rivière ; Slab : 1,,,,,<5%,,,Band : 1,P,948862,6457320
8659346,Conservatoire botanique national alpin,ROCVEG,7/21/2020,7/21/2020,Relevé de terrain,VALLEE Sophie / ISENMANN Marc / MERHAN Baptiste / SEGURA Paul / PERRON Rémy,73280,Glacier de Saint-Sorlin ,Glacier de Saint-Sorlin ,Marge proglaciaire; Slab : 17 ; Microhabitat : R,,,,,5-10%,,,Band : 2,P,948945,6457450
8659347,Conservatoire botanique national alpin,ROCVEG,7/21/2020,7/21/2020,Relevé de terrain,VALLEE Sophie / ISENMANN Marc / MERHAN Baptiste / SEGURA Paul / PERRON Rémy,73280,Glacier de Saint-Sorlin ,Glacier de Saint-Sorlin ,Marge proglaciaire ; bcp de M.O. morte à coté d'un petit ruisseau ;  Slab : 4 ,,,,,10-25%,,,Band : LIA,P,949275,6457930
8659348,Conservatoire botanique national alpin,ROCVEG,7/21/2020,7/21/2020,Relevé de terrain,VALLEE Sophie / ISENMANN Marc / MERHAN Baptiste / SEGURA Paul / PERRON Rémy,73280,Glacier de Saint-Sorlin ,Glacier de Saint-Sorlin ,Marge proglaciaire,,,,,10-25%,,,Band : LIA,P,948894,6458240
8659351,Conservatoire botanique national alpin,ROCVEG,7/22/2020,7/22/2020,Relevé de terrain,VALLEE Sophie / ISENMANN Marc / MERHAN Baptiste / SEGURA Paul / PERRON Rémy,73280,Glacier de Saint-Sorlin ,Glacier de Saint-Sorlin ,Marge proglaciaire,,,,,<5%,,,Band : 2,P,948945,6457120
8659354,Conservatoire botanique national alpin,ROCVEG,7/22/2020,7/22/2020,Relevé de terrain,VALLEE Sophie / ISENMANN Marc / MERHAN Baptiste / SEGURA Paul / PERRON Rémy,73280,Glacier de Saint-Sorlin ,Glacier de Saint-Sorlin ,Marge proglaciaire ; larges bandes SO-NE,,,,,<5%,,,Band : 1,P,948895,6456920
8659357,Conservatoire botanique national alpin,ROCVEG,7/22/2020,7/22/2020,Relevé de terrain,VALLEE Sophie / ISENMANN Marc / MERHAN Baptiste / SEGURA Paul / PERRON Rémy,73280,Glacier de Saint-Sorlin ,Glacier de Saint-Sorlin ,Marge proglaciaire,,,,,50-75%,,,Band : 2,P,949156,6457010
8659360,Conservatoire botanique national alpin,ROCVEG,7/22/2020,7/22/2020,Relevé de terrain,VALLEE Sophie / ISENMANN Marc / MERHAN Baptiste / SEGURA Paul / PERRON Rémy,73280,Glacier de Saint-Sorlin ,Glacier de Saint-Sorlin ,"Marge proglaciaire ; repositionné, pente entre 2 bandes de neige ; Slab : 0 ; Sand: +",,,,,<5%,,,Band : 3,P,949174,6456820
8659362,Conservatoire botanique national alpin,ROCVEG,7/22/2020,7/22/2020,Relevé de terrain,VALLEE Sophie / ISENMANN Marc / MERHAN Baptiste / SEGURA Paul / PERRON Rémy,73280,Glacier de Saint-Sorlin ,Glacier de Saint-Sorlin ,Marge proglaciaire ; décalé ; Slab : 0 +,,,,,<5%,,,Band : 3,P,949227,6456800
8659367,Conservatoire botanique national alpin,ROCVEG,7/22/2020,7/22/2020,Relevé de terrain,VALLEE Sophie / ISENMANN Marc / MERHAN Baptiste / SEGURA Paul / PERRON Rémy,73280,Glacier de Saint-Sorlin ,Glacier de Saint-Sorlin ,Marge proglaciaire,,,,,<5%,,,Band : 3,P,949225,6457130
8659369,Conservatoire botanique national alpin,ROCVEG,7/22/2020,7/22/2020,Relevé de terrain,VALLEE Sophie / ISENMANN Marc / MERHAN Baptiste / SEGURA Paul / PERRON Rémy,73280,Glacier de Saint-Sorlin ,Glacier de Saint-Sorlin ,Marge proglaciaire,,,,,<5%,,,Band : 2,P,949046,6457130
8659371,Conservatoire botanique national alpin,ROCVEG,7/22/2020,7/22/2020,Relevé de terrain,VALLEE Sophie / ISENMANN Marc / MERHAN Baptiste / SEGURA Paul / PERRON Rémy,73280,Glacier de Saint-Sorlin ,Glacier de Saint-Sorlin ,"Marge proglaciaire, humide, flaques et ruisseau à proximité",,,,,<5%,,,Band : 2,P,949058,6457350
8659376,Conservatoire botanique national alpin,ROCVEG,7/22/2020,7/22/2020,Relevé de terrain,VALLEE Sophie / ISENMANN Marc / MERHAN Baptiste / SEGURA Paul / PERRON Rémy,73280,Glacier de Saint-Sorlin ,Glacier de Saint-Sorlin ,"Marge proglaciaire, écoulement d'eau",,,,,5-10%,,,Band : 3,P,949239,6457180
8659389,Conservatoire botanique national alpin,ROCVEG,7/22/2020,7/22/2020,Relevé de terrain,VALLEE Sophie / ISENMANN Marc / MERHAN Baptiste / SEGURA Paul / PERRON Rémy,73280,Glacier de Saint-Sorlin ,Glacier de Saint-Sorlin ,Marge proglaciaire,,,,,<5%,,,Band : 3,P,949388,6457340
8659391,Conservatoire botanique national alpin,ROCVEG,7/22/2020,7/22/2020,Relevé de terrain,VALLEE Sophie / ISENMANN Marc / MERHAN Baptiste / SEGURA Paul / PERRON Rémy,73280,Glacier de Saint-Sorlin ,Glacier de Saint-Sorlin ,Marge proglaciaire,,,,,25-50%,,,Band : LIA,P,949659,6457800
8659393,Conservatoire botanique national alpin,ROCVEG,7/22/2020,7/22/2020,Relevé de terrain,VALLEE Sophie / ISENMANN Marc / MERHAN Baptiste / SEGURA Paul / PERRON Rémy,73280,Glacier de Saint-Sorlin ,Glacier de Saint-Sorlin ,Marge proglaciaire,,,,,25-50%,,,Band : LIA,P,949869,6458030
8659395,Conservatoire botanique national alpin,ROCVEG,7/22/2020,7/22/2020,Relevé de terrain,VALLEE Sophie / ISENMANN Marc / MERHAN Baptiste / SEGURA Paul / PERRON Rémy,73280,Glacier de Saint-Sorlin ,Glacier de Saint-Sorlin ,Marge proglaciaire ; Slab : 55,,,,,<5%,,,Band : LIA,P,949809,6458100
8659398,Conservatoire botanique national alpin,ROCVEG,7/22/2020,7/22/2020,Relevé de terrain,VALLEE Sophie / ISENMANN Marc / MERHAN Baptiste / SEGURA Paul / PERRON Rémy,73280,Glacier de Saint-Sorlin ,Glacier de Saint-Sorlin ,Marge proglaciaire,,,,,50-75%,,,Band : LIA,P,949560,6458060
8659400,Conservatoire botanique national alpin,ROCVEG,7/21/2020,7/21/2020,Relevé de terrain,VALLEE Sophie / ISENMANN Marc / MERHAN Baptiste / SEGURA Paul / PERRON Rémy,73280,Glacier de Saint-Sorlin ,Glacier de Saint-Sorlin ,Marge proglaciaire ; Slab : 6,,,,,<5%,,,Band : 2,P,948907,6457280
8659401,Conservatoire botanique national alpin,ROCVEG,7/21/2020,7/21/2020,Relevé de terrain,VALLEE Sophie / ISENMANN Marc / MERHAN Baptiste / SEGURA Paul / PERRON Rémy,73280,Glacier de Saint-Sorlin ,Glacier de Saint-Sorlin ,Marge proglaciaire .  Slab : 17,,,,,<5%,,,Band : 1,P,948876,6457260
8659402,Conservatoire botanique national alpin,ROCVEG,7/21/2020,7/21/2020,Relevé de terrain,VALLEE Sophie / ISENMANN Marc / MERHAN Baptiste / SEGURA Paul / PERRON Rémy,73280,Glacier de Saint-Sorlin ,Glacier de Saint-Sorlin ,Marge proglaciaire,,,,,<5%,,,Band : 1,P,948723,6457400
8659404,Conservatoire botanique national alpin,ROCVEG,7/21/2020,7/21/2020,Relevé de terrain,VALLEE Sophie / ISENMANN Marc / MERHAN Baptiste / SEGURA Paul / PERRON Rémy,73280,Glacier de Saint-Sorlin ,Glacier de Saint-Sorlin ,Marge proglaciaire,,,,,5-10%,,,Band : 2,P,948682,6457520
8659406,Conservatoire botanique national alpin,ROCVEG,7/21/2020,7/21/2020,Relevé de terrain,VALLEE Sophie / ISENMANN Marc / MERHAN Baptiste / SEGURA Paul / PERRON Rémy,73280,Glacier de Saint-Sorlin ,Glacier de Saint-Sorlin ,Marge proglaciaire,,,,,10-25%,,,Band : 3,P,948796,6457580
8659408,Conservatoire botanique national alpin,ROCVEG,7/21/2020,7/21/2020,Relevé de terrain,VALLEE Sophie / ISENMANN Marc / MERHAN Baptiste / SEGURA Paul / PERRON Rémy,73280,Glacier de Saint-Sorlin ,Glacier de Saint-Sorlin ,Marge proglaciaire,,,,,50-75%,,,Band : 3,P,948878,6457530
8660602,Conservatoire botanique national alpin,ROCVEG,8/7/2020,8/7/2020,Relevé de terrain,VALLEE Sophie / MERHAN Baptiste / CARLSON Brad / ZIMMER Anaïs,74056,Glacier du Tour,Glacier du Tour,Marge proglaciaire,,,,,10-25%,,,Band : A,P,1007148,6551641
8660607,Conservatoire botanique national alpin,ROCVEG,8/7/2020,8/7/2020,Relevé de terrain,VALLEE Sophie / MERHAN Baptiste / CARLSON Brad / ZIMMER Anaïs,74056,Glacier du Tour,Glacier du Tour,Marge proglaciaire,,,,,<5%,,,Band : A,P,1007163,6551709
8660609,Conservatoire botanique national alpin,ROCVEG,8/7/2020,8/7/2020,Relevé de terrain,VALLEE Sophie / MERHAN Baptiste / CARLSON Brad / ZIMMER Anaïs,74056,Glacier du Tour,Glacier du Tour,Marge proglaciaire,,,,,10-25%,,,Band : A,P,1007166,6551731
8660611,Conservatoire botanique national alpin,ROCVEG,8/7/2020,8/7/2020,Relevé de terrain,VALLEE Sophie / MERHAN Baptiste / CARLSON Brad / ZIMMER Anaïs,74056,Glacier du Tour,Glacier du Tour,Marge proglaciaire,,,,,10-25%,,,Band : A,P,1007167,6551765
8660613,Conservatoire botanique national alpin,ROCVEG,8/7/2020,8/7/2020,Relevé de terrain,VALLEE Sophie / MERHAN Baptiste / CARLSON Brad / ZIMMER Anaïs,74056,Glacier du Tour,Glacier du Tour,Marge proglaciaire,,,,,5-10%,,,Band : A,P,1007204,6551767
8660614,Conservatoire botanique national alpin,ROCVEG,8/7/2020,8/7/2020,Relevé de terrain,VALLEE Sophie / MERHAN Baptiste / CARLSON Brad / ZIMMER Anaïs,74056,Glacier du Tour,Glacier du Tour,Marge proglaciaire,,,,,25-50%,,,Band : A,P,1007227,6551846
8660616,Conservatoire botanique national alpin,ROCVEG,8/7/2020,8/7/2020,Relevé de terrain,VALLEE Sophie / MERHAN Baptiste / CARLSON Brad / ZIMMER Anaïs,74056,Glacier du Tour,Glacier du Tour,Marge proglaciaire,,,,,25-50%,,,Band : A,P,1007106,6551806
8660617,Conservatoire botanique national alpin,ROCVEG,8/7/2020,8/7/2020,Relevé de terrain,VALLEE Sophie / MERHAN Baptiste / CARLSON Brad / ZIMMER Anaïs,74056,Glacier du Tour,Glacier du Tour,Marge proglaciaire,,,,,25-50%,,,Band : A,P,1007152,6551708
8660619,Conservatoire botanique national alpin,ROCVEG,8/7/2020,8/7/2020,Relevé de terrain,VALLEE Sophie / MERHAN Baptiste / CARLSON Brad / ZIMMER Anaïs,74056,Glacier du Tour,Glacier du Tour,Marge proglaciaire,,,,,10-25%,,,Band : A,P,1007196,6551722
8660620,Conservatoire botanique national alpin,ROCVEG,8/7/2020,8/7/2020,Relevé de terrain,VALLEE Sophie / MERHAN Baptiste / CARLSON Brad / ZIMMER Anaïs,74056,Glacier du Tour,Glacier du Tour,Marge proglaciaire,,,,,25-50%,,,Band : A,P,1007199,6551755
8660623,Conservatoire botanique national alpin,ROCVEG,8/7/2020,8/7/2020,Relevé de terrain,VALLEE Sophie / MERHAN Baptiste / CARLSON Brad / ZIMMER Anaïs,74056,Glacier du Tour,Glacier du Tour,Marge proglaciaire,,,,,25-50%,,,Band : A,P,1007235,6551724
8660626,Conservatoire botanique national alpin,ROCVEG,8/7/2020,8/7/2020,Relevé de terrain,VALLEE Sophie / MERHAN Baptiste / CARLSON Brad / ZIMMER Anaïs,74056,Glacier du Tour,Glacier du Tour,Marge proglaciaire,,,,,10-25%,,,Band : A,P,1007253,6551680
8660629,Conservatoire botanique national alpin,ROCVEG,8/7/2020,8/7/2020,Relevé de terrain,VALLEE Sophie / MERHAN Baptiste / CARLSON Brad / ZIMMER Anaïs,74056,Glacier du Tour,Glacier du Tour,Marge proglaciaire,,,,,50-75%,,,Band : A,P,1007168,6551798
8661038,Conservatoire botanique national alpin,ROCVEG,8/10/2020,8/10/2020,Relevé de terrain,VALLEE Sophie,73015,Glacier de Gébroulaz,Glacier de Gébroulaz,Marge proglaciaire,,,,,>75%,,,Band : C,P,983897,6474631
8661039,Conservatoire botanique national alpin,ROCVEG,8/10/2020,8/10/2020,Relevé de terrain,VALLEE Sophie,73015,Glacier de Gébroulaz,Glacier de Gébroulaz,Gravel: +,,,,,<5%,,,Band : B,P,983641,6474663
8661040,Conservatoire botanique national alpin,ROCVEG,8/10/2020,8/10/2020,Relevé de terrain,VALLEE Sophie,73015,Glacier de Gébroulaz,Glacier de Gébroulaz,Marge proglaciaire,,,,,<5%,,,Band : B,P,983604,6474717
8661041,Conservatoire botanique national alpin,ROCVEG,8/10/2020,8/10/2020,Relevé de terrain,VALLEE Sophie,73015,Glacier de Gébroulaz,Glacier de Gébroulaz,"Total substrat: 95.5 ; Gravel: 0.5
",,,,,<5%,,,Band : B,P,983626,6474774
8661042,Conservatoire botanique national alpin,ROCVEG,8/10/2020,8/10/2020,Relevé de terrain,VALLEE Sophie,73015,Glacier de Gébroulaz,Glacier de Gébroulaz,Marge proglaciaire - recouvrement : 50% cyanobacteria,,,,,50-75%,,,Band : B,P,983707,6474711
8661043,Conservatoire botanique national alpin,ROCVEG,8/10/2020,8/10/2020,Relevé de terrain,VALLEE Sophie,73015,Glacier de Gébroulaz,Glacier de Gébroulaz,Total substrat: 39.5; Gravel: 2.5,,,,,50-75%,,,Band : C,P,983846,6474851
8661044,Conservatoire botanique national alpin,ROCVEG,8/10/2020,8/10/2020,Relevé de terrain,VALLEE Sophie,73015,Glacier de Gébroulaz,Glacier de Gébroulaz,Marge proglaciaire - recouvrement : 10% cyanobateria,,,,,25-50%,,,Band : C,P,983828,6474950
8661045,Conservatoire botanique national alpin,ROCVEG,8/10/2020,8/10/2020,Relevé de terrain,VALLEE Sophie,73015,Glacier de Gébroulaz,Glacier de Gébroulaz,Gravel: +,,,,,25-50%,,,Band : C,P,983776,6474948
8661046,Conservatoire botanique national alpin,ROCVEG,8/10/2020,8/10/2020,Relevé de terrain,VALLEE Sophie,73015,Glacier de Gébroulaz,Glacier de Gébroulaz,Marge proglaciaire,,,,,>75%,,,Band : LIA,P,983771,6475559
8661048,Conservatoire botanique national alpin,ROCVEG,8/10/2020,8/10/2020,Relevé de terrain,VALLEE Sophie,73015,Glacier de Gébroulaz,Glacier de Gébroulaz,Marge proglaciaire,,,,,>75%,,,Band : LIA,P,983832,6475873
8800621,Conservatoire botanique national alpin,ROCVEG,7/29/2019,7/29/2019,Relevé de terrain,VALLEE Sophie / AUGE Vincent,73015,Glacier de Gébroulaz,Glacier de Gébroulaz,Marge proglaciaire,,,,,<5%,,,Band : 2003-2008,P,984203,6474105
8845405,Conservatoire botanique national alpin,ROCVEG,7/29/2019,7/29/2019,Relevé de terrain,CORJON Jonathan / MERHAN Baptiste,73015,Glacier de Gébroulaz,Glacier de Gébroulaz,Marge proglaciaire,,,,,<5%,,,Band : 2008-2018,P,983899,6474274
8887655,Conservatoire botanique national alpin,ROCVEG,7/30/2019,7/30/2019,Relevé de terrain,VALLEE Sophie / CORJON Jonathan,73015,Glacier de Gébroulaz,Glacier de Gébroulaz,Marge proglaciaire,,,,,5-10%,,,Band : 1985-2003,P,984114,6474267
8971667,Conservatoire botanique national alpin,ROCVEG,7/30/2019,7/30/2019,Relevé de terrain,AUGE Vincent / MERHAN Baptiste,73015,Glacier de Gébroulaz,Glacier de Gébroulaz,Marge proglaciaire,,,,,10-25%,,,Band : 1985-2003,P,984366,6473881
8972997,Conservatoire botanique national alpin,ROCVEG,7/30/2019,7/30/2019,Relevé de terrain,VALLEE Sophie / CORJON Jonathan,73015,Glacier de Gébroulaz,Glacier de Gébroulaz,Marge proglaciaire,,,,,25-50%,,,Band : 1985-2003,P,983758,6474598
8973007,Conservatoire botanique national alpin,ROCVEG,7/29/2019,7/29/2019,Relevé de terrain,VALLEE Sophie / AUGE Vincent,73015,Glacier de Gébroulaz,Glacier de Gébroulaz,Marge proglaciaire,,,,,5-10%,,,Band : 2003-2008,P,984131,6474187
9013729,Conservatoire botanique national alpin,ROCVEG,7/29/2019,7/29/2019,Relevé de terrain,VALLEE Sophie / AUGE Vincent,73015,Glacier de Gébroulaz,Glacier de Gébroulaz,Marge proglaciaire,,,,,<5%,,,Band : 2003-2008,P,984275,6473984
9013730,Conservatoire botanique national alpin,ROCVEG,7/30/2019,7/30/2019,Relevé de terrain,MERHAN Baptiste / CORJON Jonathan,73015,Glacier de Gébroulaz,Glacier de Gébroulaz,Marge proglaciaire,,,,,>75%,,,Band : LIA,P,983894,6475512
9014743,Conservatoire botanique national alpin,ROCVEG,7/29/2019,7/29/2019,Relevé de terrain,VALLEE Sophie / AUGE Vincent,73015,Glacier de Gébroulaz,Glacier de Gébroulaz,Marge proglaciaire,,,,,<5%,,,Band : 2003-2008,P,984067,6474291
9014744,Conservatoire botanique national alpin,ROCVEG,7/29/2019,7/29/2019,Relevé de terrain,MERHAN Baptiste / CORJON Jonathan,73015,Glacier de Gébroulaz,Glacier de Gébroulaz,Marge proglaciaire,,,,,<5%,,,Band : 2003-2008,P,984260,6474005
9014906,Conservatoire botanique national alpin,ROCVEG,7/29/2019,7/29/2019,Relevé de terrain,MERHAN Baptiste / CORJON Jonathan,73015,Glacier de Gébroulaz,Glacier de Gébroulaz,Marge proglaciaire,,,,,5-10%,,,Band : 2003-2008,P,984319,6473917
9014907,Conservatoire botanique national alpin,ROCVEG,7/30/2019,7/30/2019,Relevé de terrain,VALLEE Sophie / CORJON Jonathan,73015,Glacier de Gébroulaz,Glacier de Gébroulaz,Marge proglaciaire,,,,,<5%,,,Band : 1985-2003,P,984455,6473625
9014923,Conservatoire botanique national alpin,ROCVEG,7/30/2019,7/30/2019,Relevé de terrain,VALLEE Sophie / CORJON Jonathan,73015,Glacier de Gébroulaz,Glacier de Gébroulaz,Marge proglaciaire,,,,,<5%,,,Band : 1985-2003,P,984298,6474020
9015195,Conservatoire botanique national alpin,ROCVEG,7/30/2019,7/30/2019,Relevé de terrain,MERHAN Baptiste / CORJON Jonathan,73015,Glacier de Gébroulaz,Glacier de Gébroulaz,Marge proglaciaire,,,,,25-50%,,,Band : LIA,P,983916,6475218
9015196,Conservatoire botanique national alpin,ROCVEG,7/29/2019,7/29/2019,Relevé de terrain,MERHAN Baptiste / VALLEE Sophie / AUGE Vincent,73015,Glacier de Gébroulaz,Glacier de Gébroulaz,Marge proglaciaire,,,,,25-50%,,,Band : LIA,P,983757,6475756
9015198,Conservatoire botanique national alpin,ROCVEG,7/30/2019,7/30/2019,Relevé de terrain,AUGE Vincent / MERHAN Baptiste,73015,Glacier de Gébroulaz,Glacier de Gébroulaz,Marge proglaciaire,,,,,10-25%,,,Band : 1985-2003,P,984213,6474140
9025595,Conservatoire botanique national alpin,ROCVEG,7/29/2019,7/29/2019,Relevé de terrain,MERHAN Baptiste / CORJON Jonathan,73015,Glacier de Gébroulaz,Glacier de Gébroulaz,Marge proglaciaire,,,,,10-25%,,,Band : 2003-2008,P,984159,6474177
9036301,Conservatoire botanique national alpin,ROCVEG,7/29/2019,7/29/2019,Relevé de terrain,VALLEE Sophie / AUGE Vincent,73015,Glacier de Gébroulaz,Glacier de Gébroulaz,Marge proglaciaire,,,,,,,,Band : 2003-2008,P,983950,6474173
9146327,Conservatoire botanique national alpin,ROCVEG,7/30/2019,7/30/2019,Relevé de terrain,MERHAN Baptiste / CORJON Jonathan,73015,Glacier de Gébroulaz,Glacier de Gébroulaz,Marge proglaciaire,,,,,<5%,,,Band : 2003-2008,P,984299,6473778
9153892,Conservatoire botanique national alpin,ROCVEG,7/29/2019,7/29/2019,Relevé de terrain,VALLEE Sophie / AUGE Vincent,73015,Glacier de Gébroulaz,Glacier de Gébroulaz,Marge proglaciaire,,,,,,,,Band : 2008-2018,P,983895,6474317
9177884,Conservatoire botanique national alpin,ROCVEG,7/30/2019,7/30/2019,Relevé de terrain,VALLEE Sophie / AUGE Vincent,73015,Glacier de Gébroulaz,Glacier de Gébroulaz,Marge proglaciaire,,,,,>75%,,,Band : LIA,P,983878,6475309
9340315,Conservatoire botanique national alpin,ROCVEG,7/29/2019,7/29/2019,Relevé de terrain,MERHAN Baptiste / CORJON Jonathan,73015,Glacier de Gébroulaz,Glacier de Gébroulaz,Marge proglaciaire,,,,,10-25%,,,Band : 2003-2008,P,984112,6474210
9373264,Conservatoire botanique national alpin,ROCVEG,7/30/2019,7/30/2019,Relevé de terrain,MERHAN Baptiste / AUGE Vincent,73015,Glacier de Gébroulaz,Glacier de Gébroulaz,Marge proglaciaire,,,,,10-25%,,,Band : 1985-2003,P,983756,6474618
9675988,Conservatoire botanique national alpin,ROCVEG,7/30/2019,7/30/2019,Relevé de terrain,MERHAN Baptiste / AUGE Vincent,73015,Glacier de Gébroulaz,Glacier de Gébroulaz,Marge proglaciaire,,,,,5-10%,,,Band : 1985-2003,P,984437,6473593
9729999,Conservatoire botanique national alpin,ROCVEG,7/29/2019,7/29/2019,Relevé de terrain,VALLEE Sophie / AUGE Vincent,73015,Glacier de Gébroulaz,Glacier de Gébroulaz,Marge proglaciaire,,,,,,,,Band : 2008-2018,P,983791,6474449
9792133,Conservatoire botanique national alpin,ROCVEG,7/29/2019,7/29/2019,Relevé de terrain,VALLEE Sophie / AUGE Vincent,73015,Glacier de Gébroulaz,Glacier de Gébroulaz,Marge proglaciaire,,,,,<5%,,,Band : 2008-2018,P,984233,6473902
9842463,Conservatoire botanique national alpin,ROCVEG,7/29/2019,7/29/2019,Relevé de terrain,VALLEE Sophie,73015,Glacier de Gébroulaz,Glacier de Gébroulaz,Marge proglaciaire,,,,,,,,Band : 2008-2018,P,983953,6474242
9851354,Conservatoire botanique national alpin,ROCVEG,7/29/2019,7/29/2019,Relevé de terrain,MERHAN Baptiste / CORJON Jonathan,73015,Glacier de Gébroulaz,Glacier de Gébroulaz,Marge proglaciaire,,,,,5-10%,,,Band : 2003-2008,P,984091,6474268
9866427,Conservatoire botanique national alpin,ROCVEG,7/30/2019,7/30/2019,Relevé de terrain,VALLEE Sophie / AUGE Vincent,73015,Glacier de Gébroulaz,Glacier de Gébroulaz,Marge proglaciaire,,,,,,,,Band : 2008-2018,P,984313,6473697
9881474,Conservatoire botanique national alpin,ROCVEG,7/29/2019,7/29/2019,Relevé de terrain,MERHAN Baptiste / CORJON Jonathan,73015,Glacier de Gébroulaz,Glacier de Gébroulaz,Marge proglaciaire,,,,,5-10%,,,Band : 2003-2008,P,984013,6474300
9888674,Conservatoire botanique national alpin,ROCVEG,7/30/2019,7/30/2019,Relevé de terrain,VALLEE Sophie / AUGE Vincent,73015,Glacier de Gébroulaz,Glacier de Gébroulaz,Marge proglaciaire,,,,,50-75%,,,Band : LIA,P,983848,6474772
9888675,Conservatoire botanique national alpin,ROCVEG,7/30/2019,7/30/2019,Relevé de terrain,VALLEE Sophie / AUGE Vincent,73015,Glacier de Gébroulaz,Glacier de Gébroulaz,Marge proglaciaire,,,,,>75%,,,Band : LIA,P,983880,6475487
9888676,Conservatoire botanique national alpin,ROCVEG,7/30/2019,7/30/2019,Relevé de terrain,VALLEE Sophie / CORJON Jonathan,73015,Glacier de Gébroulaz,Glacier de Gébroulaz,Marge proglaciaire,,,,,<5%,,,Band : 1985-2003,P,984238,6473836
9888677,Conservatoire botanique national alpin,ROCVEG,7/30/2019,7/30/2019,Relevé de terrain,MERHAN Baptiste / AUGE Vincent,73015,Glacier de Gébroulaz,Glacier de Gébroulaz,Marge proglaciaire,,,,,<5%,,,Band : 1985-2003,P,984434,6473652
9888678,Conservatoire botanique national alpin,ROCVEG,7/30/2019,7/30/2019,Relevé de terrain,MERHAN Baptiste / CORJON Jonathan,73015,Glacier de Gébroulaz,Glacier de Gébroulaz,Marge proglaciaire,,,,,25-50%,,,Band : LIA,P,983860,6474660
9889811,Conservatoire botanique national alpin,ROCVEG,7/29/2019,7/29/2019,Relevé de terrain,MERHAN Baptiste / CORJON Jonathan,73015,Glacier de Gébroulaz,Glacier de Gébroulaz,Marge proglaciaire,,,,,<5%,,,Band : 2003-2008,P,984219,6474002
9889812,Conservatoire botanique national alpin,ROCVEG,7/30/2019,7/30/2019,Relevé de terrain,MERHAN Baptiste / AUGE Vincent,73015,Glacier de Gébroulaz,Glacier de Gébroulaz,Marge proglaciaire,,,,,10-25%,,,Band : 1985-2003,P,983904,6474439
9889813,Conservatoire botanique national alpin,ROCVEG,7/30/2019,7/30/2019,Relevé de terrain,VALLEE Sophie / CORJON Jonathan,73015,Glacier de Gébroulaz,Glacier de Gébroulaz,Marge proglaciaire,,,,,,,,Band : 1985-2003,P,983837,6474468
9906273,Conservatoire botanique national alpin,ROCVEG,7/29/2019,7/29/2019,Relevé de terrain,MERHAN Baptiste / CORJON Jonathan,73015,Glacier de Gébroulaz,Glacier de Gébroulaz,Marge proglaciaire,,,,,<5%,,,Band : 2008-2018,P,983991,6474245
9906647,Conservatoire botanique national alpin,ROCVEG,7/29/2019,7/29/2019,Relevé de terrain,MERHAN Baptiste / CORJON Jonathan,73015,Glacier de Gébroulaz,Glacier de Gébroulaz,Marge proglaciaire,,,,,<5%,,,Band : 2008-2018,P,984220,6473954
9906648,Conservatoire botanique national alpin,ROCVEG,7/30/2019,7/30/2019,Relevé de terrain,MERHAN Baptiste / AUGE Vincent,73015,Glacier de Gébroulaz,Glacier de Gébroulaz,Marge proglaciaire,,,,,10-25%,,,Band : 1985-2003,P,984161,6474379
9948798,Conservatoire botanique national alpin,ROCVEG,7/29/2019,7/29/2019,Relevé de terrain,VALLEE Sophie / AUGE Vincent,73015,Glacier de Gébroulaz,Glacier de Gébroulaz,Marge proglaciaire,,,,,5-10%,,,Band : 2003-2008,P,984169,6474163
9948953,Conservatoire botanique national alpin,ROCVEG,7/30/2019,7/30/2019,Relevé de terrain,VALLEE Sophie / CORJON Jonathan,73015,Glacier de Gébroulaz,Glacier de Gébroulaz,Marge proglaciaire,,,,,<5%,,,Band : 1985-2003,P,984488,6473586
9953065,Conservatoire botanique national alpin,ROCVEG,7/29/2019,7/29/2019,Relevé de terrain,CORJON Jonathan / MERHAN Baptiste,73015,Glacier de Gébroulaz,Glacier de Gébroulaz,Marge proglaciaire,,,,,<5%,,,Band : 2008-2018,P,983719,6474512
9960374,Conservatoire botanique national alpin,ROCVEG,7/30/2019,7/30/2019,Relevé de terrain,CORJON Jonathan / MERHAN Baptiste,73015,Glacier de Gébroulaz,Glacier de Gébroulaz,Marge proglaciaire,,,,,>75%,,,Band : LIA,P,983864,6474942
9989424,Conservatoire botanique national alpin,ROCVEG,7/30/2019,7/30/2019,Relevé de terrain,VALLEE Sophie / AUGE Vincent,73015,Glacier de Gébroulaz,Glacier de Gébroulaz,Marge proglaciaire,,,,,5-10%,,, Band : LIA,P,983881,6475094
9989425,Conservatoire botanique national alpin,ROCVEG,7/29/2019,7/29/2019,Relevé de terrain,VALLEE Sophie / AUGE Vincent,73015,Glacier de Gébroulaz,Glacier de Gébroulaz,Marge proglaciaire,,,,,5-10%,,,Band : 2003-2008,P,984100,6474226
9989430,Conservatoire botanique national alpin,ROCVEG,7/29/2019,7/29/2019,Relevé de terrain,VALLEE Sophie / AUGE Vincent,73015,Glacier de Gébroulaz,Glacier de Gébroulaz,Marge proglaciaire,,,,,,,,Band : 2008-2018,P,983719,6474503
9989431,Conservatoire botanique national alpin,ROCVEG,7/29/2019,7/29/2019,Relevé de terrain,MERHAN Baptiste / CORJON Jonathan,73015,Glacier de Gébroulaz,Glacier de Gébroulaz,Marge proglaciaire,,,,,10-25%,,,Band : 2003-2008,P,983964,6474357
9998878,Conservatoire botanique national alpin,ROCVEG,7/30/2019,7/30/2019,Relevé de terrain,VALLEE Sophie / CORJON Jonathan,73015,Glacier de Gébroulaz,Glacier de Gébroulaz,Marge proglaciaire,,,,,10-25%,,,Band : 1985-2003,P,983942,6474437
10400805,Conservatoire botanique national alpin,ROCVEG,7/8/2019,7/8/2019,Relevé de terrain,VALLEE Sophie / MERHAN Baptiste / CARLSON Brad / CHAUVEAU Aristide,74056,Glacier des Pélerins,,Marge proglaciaire,,,,,>75%,,,Band : LIA,P,1000689,6540557
10400806,Conservatoire botanique national alpin,ROCVEG,7/8/2019,7/8/2019,Relevé de terrain,VALLEE Sophie / MERHAN Baptiste / CARLSON Brad / CHAUVEAU Aristide,74056,Glacier des Pélerins,,Marge proglaciaire,,,,,50-75%,,,Band : LIA,P,1000668,6540567
10400811,Conservatoire botanique national alpin,ROCVEG,7/9/2019,7/9/2019,Relevé de terrain,VALLEE Sophie / MERHAN Baptiste / CARLSON Brad / CHAUVEAU Aristide,74056,Glacier des Pélerins,,Marge proglaciaire,,,,,>75%,,,Band : LIA,P,1000692,6540504
10400816,Conservatoire botanique national alpin,ROCVEG,7/8/2019,7/8/2019,Relevé de terrain,VALLEE Sophie / MERHAN Baptiste / CARLSON Brad / CHAUVEAU Aristide,74056,Glacier des Pélerins,,Marge proglaciaire,,,,,50-75%,,,Band : LIA,P,1000691,6540568
10400821,Conservatoire botanique national alpin,ROCVEG,7/9/2019,7/9/2019,Relevé de terrain,VALLEE Sophie / MERHAN Baptiste / CARLSON Brad / CHAUVEAU Aristide,74056,Glacier des Pélerins,,Marge proglaciaire,,,,,50-75%,,,Band : LIA,P,1000637,6540525
10400823,Conservatoire botanique national alpin,ROCVEG,7/8/2019,7/8/2019,Relevé de terrain,VALLEE Sophie / MERHAN Baptiste / CARLSON Brad / CHAUVEAU Aristide,74056,Glacier des Pélerins,,Marge proglaciaire,,,,,25-50%,,,Band : LIA,P,1000716,6540542
10400824,Conservatoire botanique national alpin,ROCVEG,7/9/2019,7/9/2019,Relevé de terrain,VALLEE Sophie / MERHAN Baptiste / CARLSON Brad / CHAUVEAU Aristide,74056,Glacier des Pélerins,,Marge proglaciaire,,,,,50-75%,,,Band : LIA,P,1000680,6540488
10400936,Conservatoire botanique national alpin,ROCVEG,7/8/2019,7/8/2019,Relevé de terrain,VALLEE Sophie / MERHAN Baptiste / CARLSON Brad / CHAUVEAU Aristide,74056,Glacier des Pélerins,,Marge proglaciaire,,,,,50-75%,,,Band : 1985-2003,P,1000846,6540578
10400939,Conservatoire botanique national alpin,ROCVEG,7/8/2019,7/8/2019,Relevé de terrain,VALLEE Sophie / MERHAN Baptiste / CARLSON Brad / CHAUVEAU Aristide,74056,Glacier des Pélerins,,Marge proglaciaire,,,,,>75%,,,Band : 1985-2003,P,1000913,6540533
10400941,Conservatoire botanique national alpin,ROCVEG,7/8/2019,7/8/2019,Relevé de terrain,VALLEE Sophie / MERHAN Baptiste / CARLSON Brad / CHAUVEAU Aristide,74056,Glacier des Pélerins,,Marge proglaciaire,,,,,10-25%,,,Band : 1985-2003,P,1000862,6540571
10400943,Conservatoire botanique national alpin,ROCVEG,7/8/2019,7/8/2019,Relevé de terrain,VALLEE Sophie / MERHAN Baptiste / CARLSON Brad / CHAUVEAU Aristide,74056,Glacier des Pélerins,,Marge proglaciaire,,,,,<5%,,,Band : 1985-2003,P,1000872,6540627
10400944,Conservatoire botanique national alpin,ROCVEG,7/8/2019,7/8/2019,Relevé de terrain,VALLEE Sophie / MERHAN Baptiste / CARLSON Brad / CHAUVEAU Aristide,74056,Glacier des Pélerins,,Marge proglaciaire,,,,,50-75%,,,Band : 1985-2003,P,1000854,6540543
10400946,Conservatoire botanique national alpin,ROCVEG,7/8/2019,7/8/2019,Relevé de terrain,VALLEE Sophie / MERHAN Baptiste / CARLSON Brad / CHAUVEAU Aristide,74056,Glacier des Pélerins,,Marge proglaciaire,,,,,>75%,,,Band : 1985-2003,P,1000908,6540529
10400948,Conservatoire botanique national alpin,ROCVEG,7/8/2019,7/8/2019,Relevé de terrain,VALLEE Sophie / MERHAN Baptiste / CARLSON Brad / CHAUVEAU Aristide,74056,Glacier des Pélerins,,Marge proglaciaire,,,,,10-25%,,,Band : 1985-2003,P,1000842,6540604
10400950,Conservatoire botanique national alpin,ROCVEG,7/8/2019,7/8/2019,Relevé de terrain,VALLEE Sophie / MERHAN Baptiste / CARLSON Brad / CHAUVEAU Aristide,74056,Glacier des Pélerins,,Marge proglaciaire,,,,,10-25%,,,Band : 1985-2003,P,1000915,6540574
10401268,Conservatoire botanique national alpin,ROCVEG,7/9/2019,7/9/2019,Relevé de terrain,VALLEE Sophie / MERHAN Baptiste / CARLSON Brad / CHAUVEAU Aristide,74056,Glacier des Pélerins,,Marge proglaciaire - sur une crète avec substrat plus fin,,,,,5-10%,,,Band : 2003-2008,P,1001019,6540412
10401270,Conservatoire botanique national alpin,ROCVEG,7/9/2019,7/9/2019,Relevé de terrain,VALLEE Sophie / MERHAN Baptiste / CARLSON Brad / CHAUVEAU Aristide,74056,Glacier des Pélerins,,Marge proglaciaire,,,,,10-25%,,,Band : 2003-2008,P,1000889,6540304
10401601,Conservatoire botanique national alpin,ROCVEG,7/9/2019,7/9/2019,Relevé de terrain,VALLEE Sophie / MERHAN Baptiste / CARLSON Brad / CHAUVEAU Aristide,74056,Glacier des Pélerins,,Marge proglaciaire,,,,,,,,Band : 2003-2008,P,1001027,6540474
10401604,Conservatoire botanique national alpin,ROCVEG,7/9/2019,7/9/2019,Relevé de terrain,VALLEE Sophie / MERHAN Baptiste / CARLSON Brad / CHAUVEAU Aristide,74056,Glacier des Pélerins,,Marge proglaciaire - +25% dalle,,,,,5-10%,,,Band : 2003-2008,P,1001002,6540519
10401606,Conservatoire botanique national alpin,ROCVEG,7/9/2019,7/9/2019,Relevé de terrain,VALLEE Sophie / MERHAN Baptiste / CARLSON Brad / CHAUVEAU Aristide,74056,Glacier des Pélerins,,Marge proglaciaire - dépression,,,,,10-25%,,,Band : 2003-2008,P,1000867,6540266
10401610,Conservatoire botanique national alpin,ROCVEG,7/9/2019,7/9/2019,Relevé de terrain,VALLEE Sophie / MERHAN Baptiste / CARLSON Brad / CHAUVEAU Aristide,74056,Glacier des Pélerins,,Marge proglaciaire - contexte favorable,,,,,10-25%,,,Band : 2003-2008,P,1000937,6540308
10401614,Conservatoire botanique national alpin,ROCVEG,7/9/2019,7/9/2019,Relevé de terrain,VALLEE Sophie / MERHAN Baptiste / CARLSON Brad / CHAUVEAU Aristide,74056,Glacier des Pélerins,,Marge proglaciaire,,,,,<5%,,,Band : 2003-2008,P,1000991,6540377
10401616,Conservatoire botanique national alpin,ROCVEG,7/9/2019,7/9/2019,Relevé de terrain,VALLEE Sophie / MERHAN Baptiste / CARLSON Brad / CHAUVEAU Aristide,74056,Glacier des Pélerins,,Marge proglaciaire,,,,,,,,Band : 2003-2008,P,1001025,6540524
10401618,Conservatoire botanique national alpin,ROCVEG,7/9/2019,7/9/2019,Relevé de terrain,VALLEE Sophie / MERHAN Baptiste / CARLSON Brad / CHAUVEAU Aristide,74056,Glacier des Pélerins,,Marge proglaciaire - cuvette avec substrat fin + crotte de lièvre,,,,,10-25%,,,Band : 2003-2008,P,1000921,6540348
10401621,Conservatoire botanique national alpin,ROCVEG,7/9/2019,7/9/2019,Relevé de terrain,VALLEE Sophie / MERHAN Baptiste / CARLSON Brad / CHAUVEAU Aristide,74056,Glacier des Pélerins,,Marge proglaciaire - ruissellement et sableux,,,,,<5%,,,Band : 2003-2008,P,1000958,6540206
10401624,Conservatoire botanique national alpin,ROCVEG,7/9/2019,7/9/2019,Relevé de terrain,VALLEE Sophie / MERHAN Baptiste / CARLSON Brad / CHAUVEAU Aristide,74056,Glacier des Pélerins,,Marge proglaciaire,,,,,,,,Band : 2003-2008,P,1000894,6540195
10401628,Conservatoire botanique national alpin,ROCVEG,7/9/2019,7/9/2019,Relevé de terrain,VALLEE Sophie / MERHAN Baptiste / CARLSON Brad / CHAUVEAU Aristide,74056,Glacier des Pélerins,,Marge proglaciaire - trés prés d'un petit torrent,,,,,5-10%,,,Band : 2003-2008,P,1000979,6540175
10401632,Conservatoire botanique national alpin,ROCVEG,7/9/2019,7/9/2019,Relevé de terrain,VALLEE Sophie / MERHAN Baptiste / CARLSON Brad / CHAUVEAU Aristide,74056,Glacier des Pélerins,,Marge proglaciaire,,,,,5-10%,,,Band : 2003-2008,P,1001007,6540173
10401635,Conservatoire botanique national alpin,ROCVEG,7/9/2019,7/9/2019,Relevé de terrain,VALLEE Sophie / MERHAN Baptiste / CARLSON Brad / CHAUVEAU Aristide,74056,Glacier des Pélerins,,Marge proglaciaire,,,,,,,,Band : 2003-2008,P,1000943,6540183
10401637,Conservatoire botanique national alpin,ROCVEG,7/9/2019,7/9/2019,Relevé de terrain,VALLEE Sophie / MERHAN Baptiste / CARLSON Brad / CHAUVEAU Aristide,74056,Glacier des Pélerins,,Marge proglaciaire,,,,,,,,Band : 2003-2008,P,1000867,6540186
10401639,Conservatoire botanique national alpin,ROCVEG,7/9/2019,7/9/2019,Relevé de terrain,VALLEE Sophie / MERHAN Baptiste / CARLSON Brad / CHAUVEAU Aristide,74056,Glacier des Pélerins,,Marge proglaciaire - dans la zone englacée selon l'orthophot de 2016? demander a Brad,,,,,,,,Band : 2008-2018,N,,
10401640,Conservatoire botanique national alpin,ROCVEG,7/9/2019,7/9/2019,Relevé de terrain,VALLEE Sophie / MERHAN Baptiste / CARLSON Brad / CHAUVEAU Aristide,74056,Glacier des Pélerins,,Marge proglaciaire - dans la zone englacée selon l'orthophot de 2016? demander a Brad,,,,,,,,Band : 2008-2018,P,1001110,6540447
10401642,Conservatoire botanique national alpin,ROCVEG,7/9/2019,7/9/2019,Relevé de terrain,VALLEE Sophie / MERHAN Baptiste / CARLSON Brad / CHAUVEAU Aristide,74056,Glacier des Pélerins,,Marge proglaciaire,,,,,,,,Band : 2008-2018,P,1001096,6540449
10401733,Conservatoire botanique national alpin,ROCVEG,7/11/2019,7/11/2019,Relevé de terrain,VALLEE Sophie / MERHAN Baptiste / CARLSON Brad / CHAUVEAU Aristide / ZIMMER Anaïs,74056,Glacier du Tour,,Marge proglaciaire,,,,,>75%,,,Band : LIA,P,1005753,6552175
10401735,Conservatoire botanique national alpin,ROCVEG,7/11/2019,7/11/2019,Relevé de terrain,VALLEE Sophie / MERHAN Baptiste / CARLSON Brad / CHAUVEAU Aristide / ZIMMER Anaïs,74056,Glacier du Tour,,Marge proglaciaire,,,,,>75%,,,Band : LIA,P,1005777,6552162
10401736,Conservatoire botanique national alpin,ROCVEG,7/12/2019,7/12/2019,Relevé de terrain,VALLEE Sophie / MERHAN Baptiste / CARLSON Brad / CHAUVEAU Aristide / ZIMMER Anaïs,74056,Glacier du Tour,,Marge proglaciaire - Petite clairière,,,,,>75%,,,Band : LIA,P,1005892,6552258
10401737,Conservatoire botanique national alpin,ROCVEG,7/11/2019,7/11/2019,Relevé de terrain,VALLEE Sophie / MERHAN Baptiste / CARLSON Brad / CHAUVEAU Aristide / ZIMMER Anaïs,74056,Glacier du Tour,,Marge proglaciaire,,,,,>75%,,,Band : LIA,P,1005778,6552142
10401738,Conservatoire botanique national alpin,ROCVEG,7/12/2019,7/12/2019,Relevé de terrain,VALLEE Sophie / MERHAN Baptiste / CARLSON Brad / CHAUVEAU Aristide / ZIMMER Anaïs,74056,Glacier du Tour,,Marge proglaciaire,,,,,5-10%,,,Band : 2008-2018,P,1007922,6552062
10401739,Conservatoire botanique national alpin,ROCVEG,7/12/2019,7/12/2019,Relevé de terrain,VALLEE Sophie / MERHAN Baptiste / CARLSON Brad / CHAUVEAU Aristide / ZIMMER Anaïs,74056,Glacier du Tour,,Marge proglaciaire - +69% dalle,,,,,<5%,,,Band : 2008-2018,P,1007931,6552101
10401740,Conservatoire botanique national alpin,ROCVEG,7/12/2019,7/12/2019,Relevé de terrain,VALLEE Sophie / MERHAN Baptiste / CARLSON Brad / CHAUVEAU Aristide / ZIMMER Anaïs,74056,Glacier du Tour,,Marge proglaciaire,,,,,>75%,,,Band : LIA,P,1005894,6552266
10401741,Conservatoire botanique national alpin,ROCVEG,7/12/2019,7/12/2019,Relevé de terrain,VALLEE Sophie / MERHAN Baptiste / CARLSON Brad / CHAUVEAU Aristide / ZIMMER Anaïs,74056,Glacier du Tour,,Marge proglaciaire,,,,,25-50%,,,Band : LIA,P,1005858,6552244
10401742,Conservatoire botanique national alpin,ROCVEG,7/12/2019,7/12/2019,Relevé de terrain,VALLEE Sophie / MERHAN Baptiste / CARLSON Brad / CHAUVEAU Aristide / ZIMMER Anaïs,74056,Glacier du Tour,,Marge proglaciaire - +15% dalle,,,,,5-10%,,,Band : 1985-2003,P,1007829,6552201
10401743,Conservatoire botanique national alpin,ROCVEG,7/11/2019,7/11/2019,Relevé de terrain,VALLEE Sophie / MERHAN Baptiste / CARLSON Brad / CHAUVEAU Aristide / ZIMMER Anaïs,74056,Glacier du Tour,,Marge proglaciaire - Large rock - végétation pousse sur un minuscule replat sur une dalle en pente - ecoulement,,,,,10-25%,,,Band : 1985-2004,P,1007645,6552197
10401744,Conservatoire botanique national alpin,ROCVEG,7/11/2019,7/11/2019,Relevé de terrain,VALLEE Sophie / MERHAN Baptiste / CARLSON Brad / CHAUVEAU Aristide / ZIMMER Anaïs,74056,Glacier du Tour,,"Marge proglaciaire - large rock - végétation pousse sur un minuscule replat, sur une dalle en pente - ecoulement",,,,,<5%,,,Band : 1985-2003,P,1007600,6552172
10401745,Conservatoire botanique national alpin,ROCVEG,7/11/2019,7/11/2019,Relevé de terrain,VALLEE Sophie / MERHAN Baptiste / CARLSON Brad / CHAUVEAU Aristide / ZIMMER Anaïs,74056,Glacier du Tour,,Marge proglaciaire,,,,,10-25%,,,Band : 1985-2007,P,1007741,6552194
10401746,Conservatoire botanique national alpin,ROCVEG,7/12/2019,7/12/2019,Relevé de terrain,VALLEE Sophie / MERHAN Baptiste / CARLSON Brad / CHAUVEAU Aristide / ZIMMER Anaïs,74056,Glacier du Tour,,Marge proglaciaire - +40% dalle,,,,,5-10%,,,Band : 1985-2003,P,1007814,6552206
10401892,Conservatoire botanique national alpin,ROCVEG,7/12/2019,7/12/2019,Relevé de terrain,VALLEE Sophie / MERHAN Baptiste / CARLSON Brad / CHAUVEAU Aristide / ZIMMER Anaïs,74056,Glacier du Tour,,Marge proglaciaire - + 50 % dalle,,,,,5-10%,,,Band : 1985-2003,P,1007869,6552158
10401893,Conservatoire botanique national alpin,ROCVEG,7/11/2019,7/11/2019,Relevé de terrain,VALLEE Sophie / MERHAN Baptiste / CARLSON Brad / CHAUVEAU Aristide / ZIMMER Anaïs,74056,Glacier du Tour,,Marge proglaciaire - +65 % dalle,,,,,10-25%,,,Band : 1985-2003,P,1007648,6552228
10401894,Conservatoire botanique national alpin,ROCVEG,7/12/2019,7/12/2019,Relevé de terrain,VALLEE Sophie / MERHAN Baptiste / CARLSON Brad / CHAUVEAU Aristide / ZIMMER Anaïs,74056,Glacier du Tour,,Marge proglaciaire - +50 % dalle,,,,,10-25%,,,Band : 1985-2003,P,1007860,6552163
10401896,Conservatoire botanique national alpin,ROCVEG,7/12/2019,7/12/2019,Relevé de terrain,VALLEE Sophie / MERHAN Baptiste / CARLSON Brad / CHAUVEAU Aristide / ZIMMER Anaïs,74056,Glacier du Tour,,Marge proglaciaire - ruisselement d'eau+34% dalle,,,,,10-25%,,,Band : 1985-2003,P,1007894,6552165
10401897,Conservatoire botanique national alpin,ROCVEG,7/11/2019,7/11/2019,Relevé de terrain,VALLEE Sophie / MERHAN Baptiste / CARLSON Brad / CHAUVEAU Aristide / ZIMMER Anaïs,74056,Glacier du Tour,,Marge proglaciaire,,,,,<5%,,,Band : 1985-2003,P,1007737,6552258
10401898,Conservatoire botanique national alpin,ROCVEG,7/11/2019,7/11/2019,Relevé de terrain,VALLEE Sophie / MERHAN Baptiste / CARLSON Brad / CHAUVEAU Aristide / ZIMMER Anaïs,74056,Glacier du Tour,,Marge proglaciaire - + 15% dalle,,,,,10-25%,,,Band : 1985-2003,P,1007650,6552206
10401899,Conservatoire botanique national alpin,ROCVEG,7/11/2019,7/11/2019,Relevé de terrain,VALLEE Sophie / MERHAN Baptiste / CARLSON Brad / CHAUVEAU Aristide / ZIMMER Anaïs,74056,Glacier du Tour,,Marge proglaciaire,,,,,10-25%,,,Band : 1985-2003,P,1007664,6552207
10404303,Conservatoire botanique national alpin,ROCVEG,7/12/2019,7/12/2019,Relevé de terrain,VALLEE Sophie / MERHAN Baptiste / CARLSON Brad / CHAUVEAU Aristide / ZIMMER Anaïs,74056,Glacier du Tour,,Marge proglaciaire - + 20 % dalle,,,,,<5%,,,Band : 1985-2003,P,1007835,6552121
10406707,Conservatoire botanique national alpin,ROCVEG,7/11/2019,7/11/2019,Relevé de terrain,VALLEE Sophie / MERHAN Baptiste / CARLSON Brad / CHAUVEAU Aristide / ZIMMER Anaïs,74056,Glacier du Tour,,Marge proglaciaire - +20 % dalle petit creux,,,,,25-50%,,,Band : 1985-2003,P,1007627,6552188
10406718,Conservatoire botanique national alpin,ROCVEG,7/11/2019,7/11/2019,Relevé de terrain,VALLEE Sophie / MERHAN Baptiste / CARLSON Brad / CHAUVEAU Aristide / ZIMMER Anaïs,74056,Glacier du Tour,,Marge proglaciaire - +20 % dalle,,,,,10-25%,,,Band : 1985-2003,P,1007676,6552224
10406723,Conservatoire botanique national alpin,ROCVEG,7/11/2019,7/11/2019,Relevé de terrain,VALLEE Sophie / MERHAN Baptiste / CARLSON Brad / CHAUVEAU Aristide / ZIMMER Anaïs,74056,Glacier du Tour,,Marge proglaciaire,,,,,10-25%,,,Band : 1985-2003,P,1007777,6552181
10406726,Conservatoire botanique national alpin,ROCVEG,7/11/2019,7/11/2019,Relevé de terrain,VALLEE Sophie / MERHAN Baptiste / CARLSON Brad / CHAUVEAU Aristide / ZIMMER Anaïs,74056,Glacier du Tour,,Marge proglaciaire - Flotte en bordure de placette,,,,,10-25%,,,Band : 1985-2003,P,1007897,6552138
10406729,Conservatoire botanique national alpin,ROCVEG,7/11/2019,7/11/2019,Relevé de terrain,VALLEE Sophie / MERHAN Baptiste / CARLSON Brad / CHAUVEAU Aristide / ZIMMER Anaïs,74056,Glacier du Tour,,Marge proglaciaire,,,,,5-10%,,,Band : 1985-2003,P,1007767,6552110
10407646,Conservatoire botanique national alpin,ROCVEG,7/11/2019,7/11/2019,Relevé de terrain,VALLEE Sophie / MERHAN Baptiste / CARLSON Brad / CHAUVEAU Aristide / ZIMMER Anaïs,74056,Glacier du Tour,,Marge proglaciaire - +22 % dalle,,,,,<5%,,,Band : 2003-2008,P,1007837,6552126
10407647,Conservatoire botanique national alpin,ROCVEG,7/11/2019,7/11/2019,Relevé de terrain,VALLEE Sophie / MERHAN Baptiste / CARLSON Brad / CHAUVEAU Aristide / ZIMMER Anaïs,74056,Glacier du Tour,,Marge proglaciaire,,,,,<5%,,,Band : 2003-2008,P,1007879,6552140
10407649,Conservatoire botanique national alpin,ROCVEG,7/11/2019,7/11/2019,Relevé de terrain,VALLEE Sophie / MERHAN Baptiste / CARLSON Brad / CHAUVEAU Aristide / ZIMMER Anaïs,74056,Glacier du Tour,,Marge proglaciaire - +64% dalle ruissellement d'eau,,,,,<5%,,,Band : 2003-2008,P,1007794,6552135
10407650,Conservatoire botanique national alpin,ROCVEG,7/11/2019,7/11/2019,Relevé de terrain,VALLEE Sophie / MERHAN Baptiste / CARLSON Brad / CHAUVEAU Aristide / ZIMMER Anaïs,74056,Glacier du Tour,,Marge proglaciaire - +45% dalle,,,,,5-10%,,,Band : 2003-2008,P,1007803,6552160
10407651,Conservatoire botanique national alpin,ROCVEG,7/11/2019,7/11/2019,Relevé de terrain,VALLEE Sophie / MERHAN Baptiste / CARLSON Brad / CHAUVEAU Aristide / ZIMMER Anaïs,74056,Glacier du Tour,,Marge proglaciaire - + 20% dalle Ecoulement eau 60%,,,,,5-10%,,,Band : 2003-2008,P,1007846,6552121
10407652,Conservatoire botanique national alpin,ROCVEG,7/11/2019,7/11/2019,Relevé de terrain,VALLEE Sophie / MERHAN Baptiste / CARLSON Brad / CHAUVEAU Aristide / ZIMMER Anaïs,74056,Glacier du Tour,,Marge proglaciaire - ruissellement d'eau,,,,,<5%,,,Band : 2003-2008,P,1007861,6552105
10407653,Conservatoire botanique national alpin,ROCVEG,7/11/2019,7/11/2019,Relevé de terrain,VALLEE Sophie / MERHAN Baptiste / CARLSON Brad / CHAUVEAU Aristide / ZIMMER Anaïs,74056,Glacier du Tour,,Marge proglaciaire - Large rock - 4m,,,,,10-25%,,,Band : 2003-2008,P,1007687,6552113
10407654,Conservatoire botanique national alpin,ROCVEG,7/11/2019,7/11/2019,Relevé de terrain,VALLEE Sophie / MERHAN Baptiste / CARLSON Brad / CHAUVEAU Aristide / ZIMMER Anaïs,74056,Glacier du Tour,,Marge proglaciaire,,,,,5-10%,,,Band : 2003-2008,P,1007879,6552143
10407656,Conservatoire botanique national alpin,ROCVEG,7/11/2019,7/11/2019,Relevé de terrain,VALLEE Sophie / MERHAN Baptiste / CARLSON Brad / CHAUVEAU Aristide / ZIMMER Anaïs,74056,Glacier du Tour,,Marge proglaciaire - ruissellement d'eau,,,,,5-10%,,,Band : 2003-2008,P,1007890,6552124
10407658,Conservatoire botanique national alpin,ROCVEG,7/11/2019,7/11/2019,Relevé de terrain,VALLEE Sophie / MERHAN Baptiste / CARLSON Brad / CHAUVEAU Aristide / ZIMMER Anaïs,74056,Glacier du Tour,,Marge proglaciaire - plateau zone humide,,,,,25-50%,,,Band : 2003-2008,P,1007712,6552172
10407664,Conservatoire botanique national alpin,ROCVEG,7/11/2019,7/11/2019,Relevé de terrain,VALLEE Sophie / MERHAN Baptiste / CARLSON Brad / CHAUVEAU Aristide / ZIMMER Anaïs,74056,Glacier du Tour,,Marge proglaciaire - +51% dalle ecoulement eau = 35%,,,,,<5%,,,Band : 2003-2008,P,1007851,6552136
10407665,Conservatoire botanique national alpin,ROCVEG,7/11/2019,7/11/2019,Relevé de terrain,VALLEE Sophie / MERHAN Baptiste / CARLSON Brad / CHAUVEAU Aristide / ZIMMER Anaïs,74056,Glacier du Tour,,Marge proglaciaire - +92 % dalle ecoulement eau = 85%,,,,,<5%,,,Band : 2003-2008,P,1007780,6552124
10407666,Conservatoire botanique national alpin,ROCVEG,7/12/2019,7/12/2019,Relevé de terrain,VALLEE Sophie / MERHAN Baptiste / CARLSON Brad / CHAUVEAU Aristide / ZIMMER Anaïs,74056,Glacier du Tour,,Marge proglaciaire,,,,,<5%,,,Band : 2008-2018,P,1008097,6551993
10407671,Conservatoire botanique national alpin,ROCVEG,7/12/2019,7/12/2019,Relevé de terrain,VALLEE Sophie / MERHAN Baptiste / CARLSON Brad / CHAUVEAU Aristide / ZIMMER Anaïs,74056,Glacier du Tour,,Marge proglaciaire - + 7% dalle,,,,,<5%,,,Band : 2008-2018,P,1008052,6552013
10407674,Conservatoire botanique national alpin,ROCVEG,7/12/2019,7/12/2019,Relevé de terrain,VALLEE Sophie / MERHAN Baptiste / CARLSON Brad / CHAUVEAU Aristide / ZIMMER Anaïs,74056,Glacier du Tour,,Marge proglaciaire,,,,,<5%,,,Band : 2008-2018,P,1008174,6551957
10407676,Conservatoire botanique national alpin,ROCVEG,7/12/2019,7/12/2019,Relevé de terrain,VALLEE Sophie / MERHAN Baptiste / CARLSON Brad / CHAUVEAU Aristide / ZIMMER Anaïs,74056,Glacier du Tour,,Marge proglaciaire,,,,,<5%,,,Band : 2008-2018,P,1008082,6552031
10407681,Conservatoire botanique national alpin,ROCVEG,7/12/2019,7/12/2019,Relevé de terrain,VALLEE Sophie / MERHAN Baptiste / CARLSON Brad / CHAUVEAU Aristide / ZIMMER Anaïs,74056,Glacier du Tour,,"Marge proglaciaire - +26% dalle doute sur la bande, beaucoup d'éspèces",,,,,10-25%,,,Band : 2008-2018,P,1008080,6552044
10407684,Conservatoire botanique national alpin,ROCVEG,7/12/2019,7/12/2019,Relevé de terrain,VALLEE Sophie / MERHAN Baptiste / CARLSON Brad / CHAUVEAU Aristide / ZIMMER Anaïs,74056,Glacier du Tour,,Marge proglaciaire - +32.5 % dalle,,,,,<5%,,,Band : 2008-2018,P,1008104,6552003
10407895,Conservatoire botanique national alpin,ROCVEG,7/12/2019,7/12/2019,Relevé de terrain,VALLEE Sophie / MERHAN Baptiste / CARLSON Brad / CHAUVEAU Aristide / ZIMMER Anaïs,74056,Glacier du Tour,,Marge proglaciaire,,,,,,,,Band : 2008-2018,P,1007962,6552025
10407900,Conservatoire botanique national alpin,ROCVEG,7/12/2019,7/12/2019,Relevé de terrain,VALLEE Sophie / MERHAN Baptiste / CARLSON Brad / CHAUVEAU Aristide / ZIMMER Anaïs,74056,Glacier du Tour,,Marge proglaciaire - +7% dalle,,,,,<5%,,,Band : 2008-2018,P,1008123,6551965
10407906,Conservatoire botanique national alpin,ROCVEG,7/12/2019,7/12/2019,Relevé de terrain,VALLEE Sophie / MERHAN Baptiste / CARLSON Brad / CHAUVEAU Aristide / ZIMMER Anaïs,74056,Glacier du Tour,,Marge proglaciaire,,,,,>75%,,,Band : LIA,P,1005878,6552247
10407910,Conservatoire botanique national alpin,ROCVEG,7/12/2019,7/12/2019,Relevé de terrain,VALLEE Sophie / MERHAN Baptiste / CARLSON Brad / CHAUVEAU Aristide / ZIMMER Anaïs,74056,Glacier du Tour,,Marge proglaciaire,,,,,<5%,,,Band : 2008-2018,P,1008247,6551928
10407912,Conservatoire botanique national alpin,ROCVEG,7/12/2019,7/12/2019,Relevé de terrain,VALLEE Sophie / MERHAN Baptiste / CARLSON Brad / CHAUVEAU Aristide / ZIMMER Anaïs,74056,Glacier du Tour,,Marge proglaciaire - +2% dale depression,,,,,<5%,,,Band : 2008-2018,P,1007915,6552071
10407916,Conservatoire botanique national alpin,ROCVEG,7/12/2019,7/12/2019,Relevé de terrain,VALLEE Sophie / MERHAN Baptiste / CARLSON Brad / CHAUVEAU Aristide / ZIMMER Anaïs,74056,Glacier du Tour,,Marge proglaciaire - + 10% dalle,,,,,<5%,,,Band : 2008-2018,P,1007925,6552089
10407919,Conservatoire botanique national alpin,ROCVEG,7/12/2019,7/12/2019,Relevé de terrain,VALLEE Sophie / MERHAN Baptiste / CARLSON Brad / CHAUVEAU Aristide / ZIMMER Anaïs,74056,Glacier du Tour,,Marge proglaciaire - + 10% dalle,,,,,5-10%,,,Band : 2008-2018,P,1007711,6551990
10407931,Conservatoire botanique national alpin,ROCVEG,7/30/2020,7/30/2020,Relevé de terrain,BIDAT Matthieu / ZIMMER Anaïs,74056,Glacier des Pélerins,,Marge proglaciaire,,,,,<5%,,,Band : E,P,1001042,6540326
10407935,Conservatoire botanique national alpin,ROCVEG,7/30/2020,7/30/2020,Relevé de terrain,BIDAT Matthieu / ZIMMER Anaïs,74056,Glacier des Pélerins,,Marge proglaciaire,,,,,<5%,,,Band : E,P,1001049,6540291
10407939,Conservatoire botanique national alpin,ROCVEG,7/30/2020,7/30/2020,Relevé de terrain,BIDAT Matthieu / ZIMMER Anaïs,74056,Glacier des Pélerins,,Marge proglaciaire,,,,,<5%,,,Band : E,P,1001051,6540266
10408065,Conservatoire botanique national alpin,ROCVEG,7/30/2020,7/30/2020,Relevé de terrain,BIDAT Matthieu / ZIMMER Anaïs,74056,Glacier des Pélerins,,Marge proglaciaire,,,,,10-25%,,,Band : B,P,1000878,6540231
10408068,Conservatoire botanique national alpin,ROCVEG,7/30/2020,7/30/2020,Relevé de terrain,BIDAT Matthieu / ZIMMER Anaïs,74056,Glacier des Pélerins,,Marge proglaciaire,,,,,<5%,,,Band : B,P,1000838,6540214
10408070,Conservatoire botanique national alpin,ROCVEG,7/30/2020,7/30/2020,Relevé de terrain,BIDAT Matthieu / ZIMMER Anaïs,74056,Glacier des Pélerins,,Marge proglaciaire,,,,,,,,Band : B,P,1000811,6540220
10408072,Conservatoire botanique national alpin,ROCVEG,7/30/2020,7/30/2020,Relevé de terrain,BIDAT Matthieu / ZIMMER Anaïs,74056,Glacier des Pélerins,,Marge proglaciaire,,,,,<5%,,,Band : A,P,1000775,6540193
10408074,Conservatoire botanique national alpin,ROCVEG,7/30/2020,7/30/2020,Relevé de terrain,BIDAT Matthieu / ZIMMER Anaïs,74056,Glacier des Pélerins,,Marge proglaciaire,,,,,<5%,,,Band : A,P,1000756,6540203
10408076,Conservatoire botanique national alpin,ROCVEG,7/30/2020,7/30/2020,Relevé de terrain,BIDAT Matthieu / ZIMMER Anaïs,74056,Glacier des Pélerins,,Marge proglaciaire,,,,,10-25%,,,Band : A,P,1000742,6540243
10408078,Conservatoire botanique national alpin,ROCVEG,7/30/2020,7/30/2020,Relevé de terrain,BIDAT Matthieu / ZIMMER Anaïs,74056,Glacier des Pélerins,,Marge proglaciaire,,,,,,,,Band : C,P,1000683,6540247
10408079,Conservatoire botanique national alpin,ROCVEG,7/30/2020,7/30/2020,Relevé de terrain,BIDAT Matthieu / ZIMMER Anaïs,74056,Glacier des Pélerins,,Marge proglaciaire,,,,,10-25%,,,Band : C,P,1000690,6540257
10408080,Conservatoire botanique national alpin,ROCVEG,7/30/2020,7/30/2020,Relevé de terrain,BIDAT Matthieu / ZIMMER Anaïs,74056,Glacier des Pélerins,,Marge proglaciaire,,,,,50-75%,,,Band : C,P,1000702,6540276
10408083,Conservatoire botanique national alpin,ROCVEG,7/30/2020,7/30/2020,Relevé de terrain,BIDAT Matthieu / ZIMMER Anaïs,74056,Glacier des Pélerins,,Marge proglaciaire,,,,,25-50%,,,Band : C,P,1000669,6540262
10408085,Conservatoire botanique national alpin,ROCVEG,7/30/2020,7/30/2020,Relevé de terrain,BIDAT Matthieu / ZIMMER Anaïs,74056,Glacier des Pélerins,,Marge proglaciaire,,,,,25-50%,,,Band : D,P,1000815,6540447
10408097,Conservatoire botanique national alpin,ROCVEG,7/30/2020,7/30/2020,Relevé de terrain,BIDAT Matthieu / ZIMMER Anaïs,74056,Glacier des Pélerins,,Marge proglaciaire,,,,,>75%,,,Band : D,P,1000787,6540462
10408098,Conservatoire botanique national alpin,ROCVEG,7/30/2020,7/30/2020,Relevé de terrain,BIDAT Matthieu / ZIMMER Anaïs,74056,Glacier des Pélerins,,Marge proglaciaire,,,,,10-25%,,,Band : D,P,1000808,6540515
10408099,Conservatoire botanique national alpin,ROCVEG,7/30/2020,7/30/2020,Relevé de terrain,BIDAT Matthieu / ZIMMER Anaïs,74056,Glacier des Pélerins,,Marge proglaciaire,,,,,50-75%,,,Band : D,P,1000810,6540546
10966110,Conservatoire botanique national alpin,ROCVEG,7/12/2019,7/12/2019,Relevé de terrain,VALLEE Sophie / MERHAN Baptiste / CARLSON Brad / CHAUVEAU Aristide / ZIMMER Anaïs,74056,Glacier du Tour,,Marge proglaciaire - +28 % dalle Ruisselement d'eau,,,,,<5%,,,Band : 2008-2018,P,1008173,6551916
10966733,Conservatoire botanique national alpin,ROCVEG,7/9/2019,7/9/2019,Relevé de terrain,BIDAT Matthieu / ZIMMER Anaïs,74056,Glacier des Pélerins,,Marge pro-glaciaire ,,,,,50-75%,,,Band : LIA,P,1000655,6540537
10966735,Conservatoire botanique national alpin,ROCVEG,7/9/2019,7/9/2019,Relevé de terrain,BIDAT Matthieu / ZIMMER Anaïs,74056,Glacier des Pélerins,,Marge pro-glaciaire,,,,,,,,Band : LIA,P,1000688,6540535
10966736,Conservatoire botanique national alpin,ROCVEG,7/9/2019,7/9/2019,Relevé de terrain,BIDAT Matthieu / ZIMMER Anaïs,74056,Glacier des Pélerins,,Marge pro-glaciaire,,,,,>75%,,,Band : LIA,P,1000724,6540561
10966738,Conservatoire botanique national alpin,ROCVEG,7/9/2019,7/9/2019,Relevé de terrain,BIDAT Matthieu / ZIMMER Anaïs,74056,Glacier des Pélerins,,Marge pro-glaciaire,,,,,25-50%,,,Band : 1985-2003,P,1000870,6540561
10966739,Conservatoire botanique national alpin,ROCVEG,7/9/2019,7/9/2019,Relevé de terrain,BIDAT Matthieu / ZIMMER Anaïs,74056,Glacier des Pélerins,,Marge pro-glaciaire,,,,,25-50%,,,Band : 1985-2003,P,1000918,6540470
10966741,Conservatoire botanique national alpin,ROCVEG,7/9/2019,7/9/2019,Relevé de terrain,BIDAT Matthieu / ZIMMER Anaïs,74056,Glacier des Pélerins,,Marge pro-glaciaire,,,,,>75%,,,Band : 1985-2003,P,1000877,6540537
10966743,Conservatoire botanique national alpin,ROCVEG,7/9/2019,7/9/2019,Relevé de terrain,BIDAT Matthieu / ZIMMER Anaïs,74056,Glacier des Pélerins,,Marge pro-glaciaire,,,,,<5%,,,Band : 1985-2003,P,1000908,6540479
10966744,Conservatoire botanique national alpin,ROCVEG,7/9/2019,7/9/2019,Relevé de terrain,BIDAT Matthieu / ZIMMER Anaïs,74056,Glacier des Pélerins,,Marge pro-glaciaire,,,,,25-50%,,,Band : 1985-2003,P,1000921,6540474
10966751,Conservatoire botanique national alpin,ROCVEG,7/9/2019,7/9/2019,Relevé de terrain,BIDAT Matthieu / ZIMMER Anaïs,74056,Glacier des Pélerins,,Marge pro-glaciaire,,,,,>75%,,,Band : 1985-2003,P,1000879,6540544
10966752,Conservatoire botanique national alpin,ROCVEG,7/9/2019,7/9/2019,Relevé de terrain,BIDAT Matthieu / ZIMMER Anaïs,74056,Glacier des Pélerins,,Marge pro-glaciaire,,,,,5-10%,,,Band : 2003-2008,P,1000951,6540255
10966754,Conservatoire botanique national alpin,ROCVEG,7/9/2019,7/9/2019,Relevé de terrain,BIDAT Matthieu / ZIMMER Anaïs,74056,Glacier des Pélerins,,Marge pro-glaciaire,,,,,5-10%,,,Band : 2003-2008,P,1000984,6540516
10966757,Conservatoire botanique national alpin,ROCVEG,7/9/2019,7/9/2019,Relevé de terrain,BIDAT Matthieu / ZIMMER Anaïs,74056,Glacier des Pélerins,,Marge pro-glaciaire,,,,,5-10%,,,Band : 2003-2008,P,1000914,6540262
10966759,Conservatoire botanique national alpin,ROCVEG,7/9/2019,7/9/2019,Relevé de terrain,BIDAT Matthieu / ZIMMER Anaïs,74056,Glacier des Pélerins,,Marge pro-glaciaire,,,,,10-25%,,,Band : 2003-2008,P,1000951,6540385
10966765,Conservatoire botanique national alpin,ROCVEG,7/9/2019,7/9/2019,Relevé de terrain,VALLEE Sophie / MERHAN Baptiste / CARLSON Brad / CHAUVEAU Aristide / ZIMMER Anaïs,74056,Glacier des Pélerins,,Marge pro-glaciaire,,,,,5-10%,,,Band : 2003-2008,P,1000990,6540398
10966770,Conservatoire botanique national alpin,ROCVEG,7/9/2019,7/9/2019,Relevé de terrain,VALLEE Sophie / MERHAN Baptiste / CARLSON Brad / CHAUVEAU Aristide / ZIMMER Anaïs,74056,Glacier des Pélerins,,Marge pro-glaciaire,,,,,5-10%,,,Band : 2003-2008,P,1000924,6540389
10966776,Conservatoire botanique national alpin,ROCVEG,7/9/2019,7/9/2019,Relevé de terrain,VALLEE Sophie / MERHAN Baptiste / CARLSON Brad / CHAUVEAU Aristide / ZIMMER Anaïs,74056,Glacier des Pélerins,,Marge pro-glaciaire,,,,,<5%,,,Band : 2008-2018,P,1001018,6540206
10966780,Conservatoire botanique national alpin,ROCVEG,7/9/2019,7/9/2019,Relevé de terrain,VALLEE Sophie / MERHAN Baptiste / CARLSON Brad / CHAUVEAU Aristide / ZIMMER Anaïs,74056,Glacier des Pélerins,,Marge pro-glaciaire,,,,,<5%,,,Band : 2008-2018,P,1000977,6540190
10966784,Conservatoire botanique national alpin,ROCVEG,7/9/2019,7/9/2019,Relevé de terrain,VALLEE Sophie / MERHAN Baptiste / CARLSON Brad / CHAUVEAU Aristide / ZIMMER Anaïs,74056,Glacier des Pélerins,,Marge pro-glaciaire,,,,,<5%,,,Band : 2008-2018,P,1001044,6540213
10966786,Conservatoire botanique national alpin,ROCVEG,7/9/2019,7/9/2019,Relevé de terrain,VALLEE Sophie / MERHAN Baptiste / CARLSON Brad / CHAUVEAU Aristide / ZIMMER Anaïs,74056,Glacier des Pélerins,,Marge pro-glaciaire,,,,,<5%,,,Band : 2008-2018,P,1001090,6540460
10971256,Parc National des Ecrins,ROCVEG,7/23/2019,7/23/2019,Relevé de terrain,DENTANT Cédric / MOINE Rémy,5101,Glacier Blanc,,Marge pro-glaciaire,,,Sud-Ouest,,,,,Band : C,P,969204,6431887
10971257,Parc National des Ecrins,ROCVEG,7/18/2019,7/18/2019,Relevé de terrain,NICOLAS Marie-Geneviève / ALBERT Christophe,5101,Glacier Blanc,,Marge pro-glaciaire,,,Est,,,,,Band : B4,P,968768,6431594
10971258,Parc National des Ecrins,ROCVEG,7/22/2019,7/22/2019,Relevé de terrain,ALBERT Christophe / MOINE Rémy,5101,Glacier Blanc,,Marge pro-glaciaire,,,Est,,,,,Band : B4,P,968865,6431517
10971259,Parc National des Ecrins,ROCVEG,7/18/2019,7/18/2019,Relevé de terrain,NICOLAS Marie-Geneviève / ALBERT Christophe,5101,Glacier Blanc,,Marge pro-glaciaire,,,Sud-Ouest,,,,,Band : B3,P,968889,6431904
10971260,Parc National des Ecrins,ROCVEG,7/22/2019,7/22/2019,Relevé de terrain,ALBERT Christophe / MOINE Rémy,5101,Glacier Blanc,,Marge pro-glaciaire,,,Nord-Est,,,,,Band : B4,P,968832,6431609
10971261,Parc National des Ecrins,ROCVEG,7/23/2019,7/23/2019,Relevé de terrain,DENTANT Cédric / MOINE Rémy,5101,Glacier Blanc,,Marge pro-glaciaire,,,Ouest,,,,,Band : C,P,969264,6431735
10971262,Parc National des Ecrins,ROCVEG,7/22/2019,7/22/2019,Relevé de terrain,DENTANT Cédric / CHAUVEAU Aristide,5101,Glacier Blanc,,Marge pro-glaciaire,,,Plat (peu marquée),,,,,Band : B3,P,968873,6431845
10971263,Parc National des Ecrins,ROCVEG,7/23/2019,7/23/2019,Relevé de terrain,ALBERT Christophe / DELENATTE Blandine,5101,Glacier Blanc,,Marge pro-glaciaire,,,Ouest,,,,,Band : C,P,969257,6432014
10971264,Parc National des Ecrins,ROCVEG,7/22/2019,7/22/2019,Relevé de terrain,ALBERT Christophe / MOINE Rémy,5101,Glacier Blanc,,Marge pro-glaciaire,,,Plat (peu marquée),,,,,Band : B4,P,969031,6431476
10971265,Parc National des Ecrins,ROCVEG,7/18/2019,7/18/2019,Relevé de terrain,DENTANT Cédric / CHAUVEAU Aristide,5101,Glacier Blanc,,Marge pro-glaciaire,,,Plat (peu marquée),,,,,Band : B4,P,968945,6432000
10971266,Parc National des Ecrins,ROCVEG,7/19/2019,7/19/2019,Relevé de terrain,DENTANT Cédric / CHAUVEAU Aristide,5101,Glacier Blanc,,Marge pro-glaciaire,,,Plat (peu marquée),,,,,Band : B2,P,968640,6432061
10971267,Parc National des Ecrins,ROCVEG,7/18/2019,7/18/2019,Relevé de terrain,DENTANT Cédric / CHAUVEAU Aristide,5101,Glacier Blanc,,Marge pro-glaciaire,,,Plat (peu marquée),,,,,Band : B4,P,968918,6432087
10971268,Parc National des Ecrins,ROCVEG,7/18/2019,7/18/2019,Relevé de terrain,DENTANT Cédric / CHAUVEAU Aristide,5101,Glacier Blanc,,Marge pro-glaciaire,,,Plat (peu marquée),,,,,Band : B4,P,968862,6432134
10971269,Parc National des Ecrins,ROCVEG,7/18/2019,7/18/2019,Relevé de terrain,DENTANT Cédric / CHAUVEAU Aristide,5101,Glacier Blanc,,Marge pro-glaciaire,,,Plat (peu marquée),,,,,Band : B4,P,968937,6432021
10971270,Parc National des Ecrins,ROCVEG,7/18/2019,7/18/2019,Relevé de terrain,NICOLAS Marie-Geneviève / ALBERT Christophe,5101,Glacier Blanc,,Marge pro-glaciaire,,,Est,,,,,Band : B3,P,968735,6431858
10971271,Parc National des Ecrins,ROCVEG,7/22/2019,7/22/2019,Relevé de terrain,DENTANT Cédric / CHAUVEAU Aristide,5101,Glacier Blanc,,Marge pro-glaciaire,,,Plat (peu marquée),,,,,Band : B1,P,968545,6432238
10971272,Parc National des Ecrins,ROCVEG,7/18/2019,7/18/2019,Relevé de terrain,NICOLAS Marie-Geneviève / ALBERT Christophe,5101,Glacier Blanc,,Marge pro-glaciaire,,,Sud,,,,,Band : B3,P,968826,6431919
10971273,Parc National des Ecrins,ROCVEG,7/23/2019,7/23/2019,Relevé de terrain,ALBERT Christophe / DELENATTE Blandine,5101,Glacier Blanc,,Marge pro-glaciaire,,,Nord-Ouest,,,,,Band : C,P,969239,6431935
10971274,Parc National des Ecrins,ROCVEG,7/23/2019,7/23/2019,Relevé de terrain,DENTANT Cédric / MOINE Rémy,5101,Glacier Blanc,,Marge pro-glaciaire,,,Ouest,,,,,Band : C,P,969228,6431843
10971275,Parc National des Ecrins,ROCVEG,7/18/2019,7/18/2019,Relevé de terrain,DENTANT Cédric / CHAUVEAU Aristide,5101,Glacier Blanc,,Marge pro-glaciaire,,,Sud,,,,,Band : B3,P,968796,6431916
10971276,Parc National des Ecrins,ROCVEG,7/18/2019,7/18/2019,Relevé de terrain,DENTANT Cédric / CHAUVEAU Aristide,5101,Glacier Blanc,,Marge pro-glaciaire,,,Plat (peu marquée),,,,,Band : B3,P,968782,6432071
10971277,Parc National des Ecrins,ROCVEG,7/19/2019,7/19/2019,Relevé de terrain,DENTANT Cédric / CHAUVEAU Aristide,5101,Glacier Blanc,,Marge pro-glaciaire,,,Plat (peu marquée),,,,,Band : B1,P,968552,6432210
10971278,Parc National des Ecrins,ROCVEG,7/22/2019,7/22/2019,Relevé de terrain,DENTANT Cédric / CHAUVEAU Aristide,5101,Glacier Blanc,,Marge pro-glaciaire,,,Plat (peu marquée),,,,,Band : B1,P,968535,6432336
10971279,Parc National des Ecrins,ROCVEG,7/23/2019,7/23/2019,Relevé de terrain,ALBERT Christophe / DELENATTE Blandine,5101,Glacier Blanc,,Marge pro-glaciaire,,,Nord,,,,,Band : C,P,969305,6431884
10971280,Parc National des Ecrins,ROCVEG,7/18/2019,7/18/2019,Relevé de terrain,NICOLAS Marie-Geneviève / ALBERT Christophe,5101,Glacier Blanc,,Marge pro-glaciaire,,,Sud,,,,,Band : B3,P,968947,6431895
10971281,Parc National des Ecrins,ROCVEG,7/19/2019,7/19/2019,Relevé de terrain,DENTANT Cédric / CHAUVEAU Aristide,5101,Glacier Blanc,,Marge pro-glaciaire,,,Sud,,,,,Band : B2,P,968632,6432036
10971282,Parc National des Ecrins,ROCVEG,7/23/2019,7/23/2019,Relevé de terrain,DENTANT Cédric / MOINE Rémy,5101,Glacier Blanc,,Marge pro-glaciaire,,,Ouest,,,,,Band : C,P,969225,6432032
10971283,Parc National des Ecrins,ROCVEG,7/22/2019,7/22/2019,Relevé de terrain,ALBERT Christophe / MOINE Rémy,5101,Glacier Blanc,,Marge pro-glaciaire,,,Nord-Est,,,,,Band : B4,P,968943,6431494
10971284,Parc National des Ecrins,ROCVEG,7/22/2019,7/22/2019,Relevé de terrain,ALBERT Christophe / MOINE Rémy,5101,Glacier Blanc,,Marge pro-glaciaire,,,Plat (peu marquée),,,,,Band : B4,P,968850,6431576
10971285,Parc National des Ecrins,ROCVEG,7/23/2019,7/23/2019,Relevé de terrain,ALBERT Christophe / DELENATTE Blandine,5101,Glacier Blanc,,Marge pro-glaciaire,,,Ouest,,,,,Band : C,P,969239,6431899
10971286,Parc National des Ecrins,ROCVEG,7/22/2019,7/22/2019,Relevé de terrain,ALBERT Christophe / MOINE Rémy,5101,Glacier Blanc,,Marge pro-glaciaire,,,Est,,,,,Band : B4,P,968859,6431532
10971287,Parc National des Ecrins,ROCVEG,7/19/2019,7/19/2019,Relevé de terrain,ALBERT Christophe / VERGELY Richard,5101,Glacier Blanc,,Marge pro-glaciaire,,,Sud,,,,,Band : B2,P,968696,6431864
10971288,Parc National des Ecrins,ROCVEG,7/23/2019,7/23/2019,Relevé de terrain,ALBERT Christophe / DELENATTE Blandine,5101,Glacier Blanc,,Marge pro-glaciaire,,,Ouest,,,,,Band : C,P,969229,6432176
10971289,Parc National des Ecrins,ROCVEG,7/19/2019,7/19/2019,Relevé de terrain,ALBERT Christophe / VERGELY Richard,5101,Glacier Blanc,,Marge pro-glaciaire,,,Sud-Ouest,,,,,Band : B2,P,968655,6431982
10971290,Parc National des Ecrins,ROCVEG,7/19/2019,7/19/2019,Relevé de terrain,DENTANT Cédric / CHAUVEAU Aristide,5101,Glacier Blanc,,Marge pro-glaciaire,,,Plat (peu marquée),,,,,Band : B2,P,968592,6432186
10971291,Parc National des Ecrins,ROCVEG,7/19/2019,7/19/2019,Relevé de terrain,DENTANT Cédric / CHAUVEAU Aristide,5101,Glacier Blanc,,Marge pro-glaciaire,,,Plat (peu marquée),,,,,Band : B1,P,968514,6432328
10971292,Parc National des Ecrins,ROCVEG,7/19/2019,7/19/2019,Relevé de terrain,ALBERT Christophe / VERGELY Richard,5101,Glacier Blanc,,Marge pro-glaciaire,,,Ouest,,,,,Band : B2,P,968643,6431959
10971293,Parc National des Ecrins,ROCVEG,7/18/2019,7/18/2019,Relevé de terrain,DENTANT Cédric / CHAUVEAU Aristide,5101,Glacier Blanc,,Marge pro-glaciaire,,,Plat (peu marquée),,,,,Band : B3,P,968882,6432030
10971294,Parc National des Ecrins,ROCVEG,7/19/2019,7/19/2019,Relevé de terrain,ALBERT Christophe / VERGELY Richard,5101,Glacier Blanc,,Marge pro-glaciaire,,,Sud,,,,,Band : B2,P,968728,6431938
10971295,Parc National des Ecrins,ROCVEG,7/19/2019,7/19/2019,Relevé de terrain,DENTANT Cédric / CHAUVEAU Aristide,5101,Glacier Blanc,,Marge pro-glaciaire,,,Plat (peu marquée),,,,,Band : B1,P,968544,6432153
10971296,Parc National des Ecrins,ROCVEG,7/22/2019,7/22/2019,Relevé de terrain,INCONNU ,5101,Glacier Blanc,,Marge pro-glaciaire,,,Plat (peu marquée),,,,,Band : B4,P,968935,6431560
10971297,Parc National des Ecrins,ROCVEG,7/22/2019,7/22/2019,Relevé de terrain,ALBERT Christophe / MOINE Rémy,5101,Glacier Blanc,,Marge pro-glaciaire,,,Est,,,,,Band : B4,P,968919,6431505
10971298,Parc National des Ecrins,ROCVEG,7/19/2019,7/19/2019,Relevé de terrain,ALBERT Christophe / VERGELY Richard,5101,Glacier Blanc,,Marge pro-glaciaire,,,Sud,,,,,Band : B2,P,968644,6431940
10971299,Parc National des Ecrins,ROCVEG,7/18/2019,7/18/2019,Relevé de terrain,DENTANT Cédric / CHAUVEAU Aristide,5101,Glacier Blanc,,Marge pro-glaciaire,,,Plat (peu marquée),,,,,Band : B3,P,968867,6432026
10971300,Parc National des Ecrins,ROCVEG,7/22/2019,7/22/2019,Relevé de terrain,DENTANT Cédric / CHAUVEAU Aristide,5101,Glacier Blanc,,Marge pro-glaciaire,,,Nord,,,,,Band : B1,P,968559,6432230
10971301,Parc National des Ecrins,ROCVEG,7/19/2019,7/19/2019,Relevé de terrain,ALBERT Christophe / VERGELY Richard,5101,Glacier Blanc,,Marge pro-glaciaire,,,Sud,,,,,Band : B2,P,968653,6431903
10971302,Parc National des Ecrins,ROCVEG,7/23/2019,7/23/2019,Relevé de terrain,DENTANT Cédric / MOINE Rémy,5101,Glacier Blanc,,Marge pro-glaciaire,,,Ouest,,,,,Band : C,P,969241,6431693
10971303,Parc National des Ecrins,ROCVEG,7/18/2019,7/18/2019,Relevé de terrain,NICOLAS Marie-Geneviève / ALBERT Christophe,5101,Glacier Blanc,,Marge pro-glaciaire,,,Est,,,,,Band : B4,P,968785,6431645
10971304,Parc National des Ecrins,ROCVEG,7/22/2019,7/22/2019,Relevé de terrain,ALBERT Christophe / MOINE Rémy,5101,Glacier Blanc,,Marge pro-glaciaire,,,Sud-Est,,,,,Band : B4,P,968961,6431449
10971305,Parc National des Ecrins,ROCVEG,7/23/2019,7/23/2019,Relevé de terrain,DENTANT Cédric / MOINE Rémy,5101,Glacier Blanc,,Marge pro-glaciaire,,,Ouest,,,,,Band : C,P,969217,6431727
10971306,Parc National des Ecrins,ROCVEG,7/22/2019,7/22/2019,Relevé de terrain,DENTANT Cédric / CHAUVEAU Aristide,5101,Glacier Blanc,,Marge pro-glaciaire,,,Plat (peu marquée),,,,,Band : B1,P,968545,6432264
10971307,Parc National des Ecrins,ROCVEG,7/19/2019,7/19/2019,Relevé de terrain,DENTANT Cédric / CHAUVEAU Aristide,5101,Glacier Blanc,,Marge pro-glaciaire,,,Plat (peu marquée),,,,,Band : B2,P,968643,6432054
10971308,Parc National des Ecrins,ROCVEG,7/18/2019,7/18/2019,Relevé de terrain,NICOLAS Marie-Geneviève / ALBERT Christophe,5101,Glacier Blanc,,Marge pro-glaciaire,,,Sud,,,,,Band : B3,P,968917,6431956
10971309,Parc National des Ecrins,ROCVEG,7/19/2019,7/19/2019,Relevé de terrain,DENTANT Cédric / CHAUVEAU Aristide,5101,Glacier Blanc,,Marge pro-glaciaire,,,Plat (peu marquée),,,,,Band : B1,P,968518,6432287
10971310,Parc National des Ecrins,ROCVEG,7/23/2019,7/23/2019,Relevé de terrain,DENTANT Cédric / ALBERT Christophe / DELENATTE Blandine,5101,Glacier Blanc,,Marge pro-glaciaire,,,Ouest,,,,,Band : C,P,969309,6432074
10971311,Parc National des Ecrins,ROCVEG,7/22/2019,7/22/2019,Relevé de terrain,DENTANT Cédric / CHAUVEAU Aristide,5101,Glacier Blanc,,Marge pro-glaciaire,,,Plat (peu marquée),,,,,Band : B3,P,968917,6431851
10971312,Parc National des Ecrins,ROCVEG,7/23/2019,7/23/2019,Relevé de terrain,DENTANT Cédric / MOINE Rémy,5101,Glacier Blanc,,Marge pro-glaciaire,,,Sud-Ouest,,,,,Band : C,P,969182,6431906
10971313,Parc National des Ecrins,ROCVEG,7/19/2019,7/19/2019,Relevé de terrain,DENTANT Cédric / CHAUVEAU Aristide,5101,Glacier Blanc,,Marge pro-glaciaire,,,Plat (peu marquée),,,,,Band : B2,P,968604,6432192
10971314,Parc National des Ecrins,ROCVEG,7/19/2019,7/19/2019,Relevé de terrain,DENTANT Cédric / CHAUVEAU Aristide,5101,Glacier Blanc,,Marge pro-glaciaire,,,Plat (peu marquée),,,,,Band : B2,P,968589,6432057
10971315,Parc National des Ecrins,ROCVEG,7/18/2019,7/18/2019,Relevé de terrain,DENTANT Cédric / CHAUVEAU Aristide,5101,Glacier Blanc,,Marge pro-glaciaire,,,Plat (peu marquée),,,,,Band : B3,P,968748,6432064
10971316,Parc National des Ecrins,ROCVEG,7/22/2019,7/22/2019,Relevé de terrain,DENTANT Cédric / CHAUVEAU Aristide,5101,Glacier Blanc,,Marge pro-glaciaire,,,Plat (peu marquée),,,,,Band : B1,P,968524,6432358
10971317,Parc National des Ecrins,ROCVEG,7/22/2019,7/22/2019,Relevé de terrain,ALBERT Christophe / MOINE Rémy,5101,Glacier Blanc,,Marge pro-glaciaire,,,Plat (peu marquée),,,,,Band : B4,P,968938,6431457
10971318,Parc National des Ecrins,ROCVEG,7/22/2019,7/22/2019,Relevé de terrain,DENTANT Cédric / CHAUVEAU Aristide,5101,Glacier Blanc,,Marge pro-glaciaire,,,Plat (peu marquée),,,,,Band : B1,P,968544,6432284
10971319,Parc National des Ecrins,ROCVEG,7/19/2019,7/19/2019,Relevé de terrain,DENTANT Cédric / CHAUVEAU Aristide,5101,Glacier Blanc,,Marge pro-glaciaire,,,Plat (peu marquée),,,,,Band : B1,P,968536,6432269
10971320,Parc National des Ecrins,ROCVEG,7/19/2019,7/19/2019,Relevé de terrain,ALBERT Christophe / VERGELY Richard,5101,Glacier Blanc,,Marge pro-glaciaire,,,Sud,,,,,Band : B2,P,968671,6431899
10971321,Parc National des Ecrins,ROCVEG,7/22/2019,7/22/2019,Relevé de terrain,ALBERT Christophe / MOINE Rémy,5101,Glacier Blanc,,Marge pro-glaciaire,,,Est,,,,,Band : B4,P,968948,6431492
10971322,Parc National des Ecrins,ROCVEG,7/23/2019,7/23/2019,Relevé de terrain,ALBERT Christophe / DELENATTE Blandine,5101,Glacier Blanc,,Marge pro-glaciaire,,,Plat (peu marquée),,,,,Band : C,P,969110,6432152
10971323,Parc National des Ecrins,ROCVEG,7/22/2019,7/22/2019,Relevé de terrain,DENTANT Cédric / CHAUVEAU Aristide,5101,Glacier Blanc,,Marge pro-glaciaire,,,Plat (peu marquée),,,,,Band : B3,P,968877,6431834
10971324,Parc National des Ecrins,ROCVEG,7/18/2019,7/18/2019,Relevé de terrain,DENTANT Cédric / CHAUVEAU Aristide,5101,Glacier Blanc,,Marge pro-glaciaire,,,Sud,,,,,Band : B3,P,968823,6431800
10971325,Parc National des Ecrins,ROCVEG,7/18/2019,7/18/2019,Relevé de terrain,DENTANT Cédric / CHAUVEAU Aristide,5101,Glacier Blanc,,Marge pro-glaciaire,,,Sud,,,,,Band : B3,P,968793,6431860
10971326,Parc National des Ecrins,ROCVEG,7/19/2019,7/19/2019,Relevé de terrain,DENTANT Cédric / CHAUVEAU Aristide,5101,Glacier Blanc,,Marge pro-glaciaire,,,Plat (peu marquée),,,,,Band : B2,P,968587,6432140
10971327,Parc National des Ecrins,ROCVEG,7/19/2019,7/19/2019,Relevé de terrain,DENTANT Cédric / CHAUVEAU Aristide,5101,Glacier Blanc,,Marge pro-glaciaire,,,Plat (peu marquée),,,,,Band : B1,P,968527,6432309
10971328,Parc National des Ecrins,ROCVEG,7/18/2019,7/18/2019,Relevé de terrain,DENTANT Cédric / CHAUVEAU Aristide,5101,Glacier Blanc,,Marge pro-glaciaire,,,Sud,,,,,Band : B3,P,968806,6432023
10971329,Parc National des Ecrins,ROCVEG,7/22/2019,7/22/2019,Relevé de terrain,DENTANT Cédric / CHAUVEAU Aristide,5101,Glacier Blanc,,Marge pro-glaciaire,,,Plat (peu marquée),,,,,Band : B1,P,968551,6432274
10971330,Parc National des Ecrins,ROCVEG,7/23/2019,7/23/2019,Relevé de terrain,ALBERT Christophe / DELENATTE Blandine,5101,Glacier Blanc,,Marge pro-glaciaire,,,Nord-Ouest,,,,,Band : C,P,969296,6431943
10971331,Parc National des Ecrins,ROCVEG,7/19/2019,7/19/2019,Relevé de terrain,DENTANT Cédric / CHAUVEAU Aristide,5101,Glacier Blanc,,Marge pro-glaciaire,,,Sud,,,,,Band : B2,P,968632,6432090
10971332,Parc National des Ecrins,ROCVEG,7/19/2019,7/19/2019,Relevé de terrain,ALBERT Christophe / VERGELY Richard,5101,Glacier Blanc,,Marge pro-glaciaire,,,Sud,,,,,Band : B2,P,968764,6431896
10971333,Parc National des Ecrins,ROCVEG,7/18/2019,7/18/2019,Relevé de terrain,NICOLAS Marie-Geneviève / ALBERT Christophe,5101,Glacier Blanc,,Marge pro-glaciaire,,,Est,,,,,Band : B3,P,968832,6431686
10971334,Parc National des Ecrins,ROCVEG,7/18/2019,7/18/2019,Relevé de terrain,DENTANT Cédric / CHAUVEAU Aristide,5101,Glacier Blanc,,Marge pro-glaciaire,,,Plat (peu marquée),,,,,Band : B3,P,968810,6431895
10971335,Parc National des Ecrins,ROCVEG,7/19/2019,7/19/2019,Relevé de terrain,ALBERT Christophe / VERGELY Richard,5101,Glacier Blanc,,Marge pro-glaciaire,,,Sud-Ouest,,,,,Band : B2,P,968651,6432013
10971336,Parc National des Ecrins,ROCVEG,7/19/2019,7/19/2019,Relevé de terrain,ALBERT Christophe / VERGELY Richard,5101,Glacier Blanc,,Marge pro-glaciaire,,,Sud,,,,,Band : B2,P,968670,6432000
10971337,Parc National des Ecrins,ROCVEG,7/19/2019,7/19/2019,Relevé de terrain,DENTANT Cédric / CHAUVEAU Aristide,5101,Glacier Blanc,,Marge pro-glaciaire,,,Plat (peu marquée),,,,,Band : B1,P,968555,6432149
10971338,Parc National des Ecrins,ROCVEG,7/23/2019,7/23/2019,Relevé de terrain,DENTANT Cédric / MOINE Rémy,5101,Glacier Blanc,,Marge pro-glaciaire,,,Ouest,,,,,Band : C,P,969189,6431996
10971339,Parc National des Ecrins,ROCVEG,7/19/2019,7/19/2019,Relevé de terrain,ALBERT Christophe / VERGELY Richard,5101,Glacier Blanc,,Marge pro-glaciaire,,,Sud,,,,,Band : B2,P,968660,6432001
10971340,Parc National des Ecrins,ROCVEG,7/22/2019,7/22/2019,Relevé de terrain,INCONNU ,5101,Glacier Blanc,,Marge pro-glaciaire,,,Est,,,,,Band : B4,P,968914,6431604
10971341,Parc National des Ecrins,ROCVEG,7/22/2019,7/22/2019,Relevé de terrain,ALBERT Christophe / MOINE Rémy,5101,Glacier Blanc,,Marge pro-glaciaire,,,Nord-Est,,,,,Band : B4,P,968887,6431546
10971342,Parc National des Ecrins,ROCVEG,7/19/2019,7/19/2019,Relevé de terrain,ALBERT Christophe / VERGELY Richard,5101,Glacier Blanc,,Marge pro-glaciaire,,,Sud,,,,,Band : B2,P,968721,6431958
10971343,Parc National des Ecrins,ROCVEG,7/19/2019,7/19/2019,Relevé de terrain,ALBERT Christophe / VERGELY Richard,5101,Glacier Blanc,,Marge pro-glaciaire,,,Sud,,,,,Band : B2,P,968694,6431994
10971344,Parc National des Ecrins,ROCVEG,7/22/2019,7/22/2019,Relevé de terrain,ALBERT Christophe / MOINE Rémy,5101,Glacier Blanc,,Marge pro-glaciaire,,,Est,,,,,Band : B4,P,968862,6431583
10971345,Parc National des Ecrins,ROCVEG,7/19/2019,7/19/2019,Relevé de terrain,ALBERT Christophe / VERGELY Richard,5101,Glacier Blanc,,Marge pro-glaciaire,,,Sud,,,,,Band : B1,P,968615,6432004
10971347,Parc National des Ecrins,ROCVEG,7/23/2019,7/23/2019,Relevé de terrain,DENTANT Cédric / ALBERT Christophe / DELENATTE Blandine,5101,Glacier Blanc,,Marge pro-glaciaire,,,Ouest,,,,,Band : C,P,969245,6432121
10971348,Parc National des Ecrins,ROCVEG,7/23/2019,7/23/2019,Relevé de terrain,ALBERT Christophe / DELENATTE Blandine,5101,Glacier Blanc,,Marge pro-glaciaire,,,Ouest,,,,,Band : C,P,969254,6431845
12117792,Conservatoire botanique national alpin,ROCVEG,8/27/2020,8/27/2020,Relevé de terrain,VALLEE Sophie / CARLSON Brad / RANDIN Christophe / ZIMMER Anaïs,,Glacier d'Orny,Glacier d'Orny,,,,,,,,,Band : 1,P,1014744,6552636
12117800,Conservatoire botanique national alpin,ROCVEG,8/27/2020,8/27/2020,Relevé de terrain,VALLEE Sophie / CARLSON Brad / RANDIN Christophe / ZIMMER Anaïs,,Glacier d'Orny,Glacier d'Orny,,,,,,,,,Band : 1,P,1014709,6552615
12117804,Conservatoire botanique national alpin,ROCVEG,8/27/2020,8/27/2020,Relevé de terrain,VALLEE Sophie / CARLSON Brad / RANDIN Christophe / ZIMMER Anaïs,,Glacier d'Orny,Glacier d'Orny,Plant_cover: 1.5,,,,,<5%,,,Band : 1,P,1014720,6552637
12117808,Conservatoire botanique national alpin,ROCVEG,8/27/2020,8/27/2020,Relevé de terrain,VALLEE Sophie / CARLSON Brad / RANDIN Christophe / ZIMMER Anaïs,,Glacier d'Orny,Glacier d'Orny,,,,,,10-25%,,,Band : 1,P,1014701,6552641
12117811,Conservatoire botanique national alpin,ROCVEG,8/27/2020,8/27/2020,Relevé de terrain,VALLEE Sophie / CARLSON Brad / RANDIN Christophe / ZIMMER Anaïs,,Glacier d'Orny,Glacier d'Orny,,,,,,,,,Band : 2,P,1014766,6552637
12117848,Conservatoire botanique national alpin,ROCVEG,8/27/2020,8/27/2020,Relevé de terrain,VALLEE Sophie / CARLSON Brad / RANDIN Christophe / ZIMMER Anaïs,,Glacier d'Orny,Glacier d'Orny,,,,,,,,,Band : 2,P,1014788,6552640
12117852,Conservatoire botanique national alpin,ROCVEG,8/27/2020,8/27/2020,Relevé de terrain,VALLEE Sophie / CARLSON Brad / RANDIN Christophe / ZIMMER Anaïs,,Glacier d'Orny,Glacier d'Orny,,,,,,,,,Band : 2,P,1014800,6552657
12117899,Conservatoire botanique national alpin,ROCVEG,8/27/2020,8/27/2020,Relevé de terrain,VALLEE Sophie / CARLSON Brad / RANDIN Christophe / ZIMMER Anaïs,,Glacier d'Orny,Glacier d'Orny,,,,,,10-25%,,,Band : 2,P,1014838,6552576
12117901,Conservatoire botanique national alpin,ROCVEG,8/27/2020,8/27/2020,Relevé de terrain,VALLEE Sophie / CARLSON Brad / RANDIN Christophe / ZIMMER Anaïs,,Glacier d'Orny,Glacier d'Orny,,,,,,5-10%,,,Band : 2,P,1014847,6552608
12117905,Conservatoire botanique national alpin,ROCVEG,8/27/2020,8/27/2020,Relevé de terrain,VALLEE Sophie / CARLSON Brad / RANDIN Christophe / ZIMMER Anaïs,,Glacier d'Orny,Glacier d'Orny,,,,,,5-10%,,,Band : 3,P,1014881,6552624
12117906,Conservatoire botanique national alpin,ROCVEG,8/27/2020,8/27/2020,Relevé de terrain,VALLEE Sophie / CARLSON Brad / RANDIN Christophe / ZIMMER Anaïs,,Glacier d'Orny,Glacier d'Orny,,,,,,<5%,,,Band : 3,P,1014900,6552630
12117908,Conservatoire botanique national alpin,ROCVEG,8/27/2020,8/27/2020,Relevé de terrain,VALLEE Sophie / CARLSON Brad / RANDIN Christophe / ZIMMER Anaïs,,Glacier d'Orny,Glacier d'Orny,Total substrat: 93.5; Gravel: 3.5,,,,,5-10%,,,Band : 3,P,1014894,6552599
12117909,Conservatoire botanique national alpin,ROCVEG,8/27/2020,8/27/2020,Relevé de terrain,VALLEE Sophie / CARLSON Brad / RANDIN Christophe / ZIMMER Anaïs,,Glacier d'Orny,Glacier d'Orny,,,,,,10-25%,,,Band : 4,P,1014905,6552671
12117923,Conservatoire botanique national alpin,ROCVEG,8/27/2020,8/27/2020,Relevé de terrain,VALLEE Sophie / CARLSON Brad / RANDIN Christophe / ZIMMER Anaïs,,Glacier d'Orny,Glacier d'Orny,,,,,,,,,Band : 2012-2017,P,1014726,6552619
12117924,Conservatoire botanique national alpin,ROCVEG,8/27/2020,8/27/2020,Relevé de terrain,VALLEE Sophie / CARLSON Brad / RANDIN Christophe / ZIMMER Anaïs,,Glacier d'Orny,Glacier d'Orny,,,,,,,,,Band : 2012-2017,P,1014729,6552594
12117926,Conservatoire botanique national alpin,ROCVEG,8/27/2020,8/27/2020,Relevé de terrain,VALLEE Sophie / CARLSON Brad / RANDIN Christophe / ZIMMER Anaïs,,Glacier d'Orny,Glacier d'Orny,,,,,,<5%,,,Band : 2012-2017,P,1014753,6552610
12117927,Conservatoire botanique national alpin,ROCVEG,8/27/2020,8/27/2020,Relevé de terrain,VALLEE Sophie / CARLSON Brad / RANDIN Christophe / ZIMMER Anaïs,,Glacier d'Orny,Glacier d'Orny,,,,,,<5%,,,Band : 2012-2017,P,1014774,6552605
12117928,Conservatoire botanique national alpin,ROCVEG,8/27/2020,8/27/2020,Relevé de terrain,VALLEE Sophie / CARLSON Brad / RANDIN Christophe / ZIMMER Anaïs,,Glacier d'Orny,Glacier d'Orny,,,,,,,,,Band : 2012-2017,P,1014755,6552589
12117930,Conservatoire botanique national alpin,ROCVEG,8/27/2020,8/27/2020,Relevé de terrain,VALLEE Sophie / CARLSON Brad / RANDIN Christophe / ZIMMER Anaïs,,Glacier d'Orny,Glacier d'Orny,,,,,,<5%,,,Band : 2012-2017,P,1014798,6552582
12117932,Conservatoire botanique national alpin,ROCVEG,8/27/2020,8/27/2020,Relevé de terrain,VALLEE Sophie / CARLSON Brad / RANDIN Christophe / ZIMMER Anaïs,,Glacier d'Orny,Glacier d'Orny,,,,,,<5%,,,Band : 2012-2017,P,1014824,6552550
12117934,Conservatoire botanique national alpin,ROCVEG,8/27/2020,8/27/2020,Relevé de terrain,VALLEE Sophie / CARLSON Brad / RANDIN Christophe / ZIMMER Anaïs,,Glacier d'Orny,Glacier d'Orny,,,,,,<5%,,,Band : 2012-2017,P,1014800,6552630
12117937,Conservatoire botanique national alpin,ROCVEG,8/27/2020,8/27/2020,Relevé de terrain,VALLEE Sophie / CARLSON Brad / RANDIN Christophe / ZIMMER Anaïs,,Glacier d'Orny,Glacier d'Orny,,,,,,<5%,,,Band : 2005-2012,P,1014805,6552613
12117938,Conservatoire botanique national alpin,ROCVEG,8/27/2020,8/27/2020,Relevé de terrain,VALLEE Sophie / CARLSON Brad / RANDIN Christophe / ZIMMER Anaïs,,Glacier d'Orny,Glacier d'Orny,,,,,,5-10%,,,Band : 2005-2012,P,1014835,6552598
12117939,Conservatoire botanique national alpin,ROCVEG,8/27/2020,8/27/2020,Relevé de terrain,VALLEE Sophie / CARLSON Brad / RANDIN Christophe / ZIMMER Anaïs,,Glacier d'Orny,Glacier d'Orny,,,,,,5-10%,,,Band : 2005-2012,P,1014848,6552635
12118011,Conservatoire botanique national alpin,ROCVEG,8/27/2020,8/27/2020,Relevé de terrain,VALLEE Sophie / CARLSON Brad / RANDIN Christophe / ZIMMER Anaïs,,Glacier d'Orny,Glacier d'Orny,,,,,,10-25%,,,Band : 2001-2005,P,1014871,6552640
12118012,Conservatoire botanique national alpin,ROCVEG,8/27/2020,8/27/2020,Relevé de terrain,VALLEE Sophie / CARLSON Brad / RANDIN Christophe / ZIMMER Anaïs,,Glacier d'Orny,Glacier d'Orny,,,,,,5-10%,,,Band : 2001-2005,P,1014879,6552664
12118013,Conservatoire botanique national alpin,ROCVEG,8/27/2020,8/27/2020,Relevé de terrain,VALLEE Sophie / CARLSON Brad / RANDIN Christophe / ZIMMER Anaïs,,Glacier d'Orny,Glacier d'Orny,,,,,,5-10%,,,Band : 2001-2005,P,1014888,6552645
12118014,Conservatoire botanique national alpin,ROCVEG,8/27/2020,8/27/2020,Relevé de terrain,VALLEE Sophie / CARLSON Brad / RANDIN Christophe / ZIMMER Anaïs,,Glacier d'Orny,Glacier d'Orny,,,,,,10-25%,,,Band : 2001-2005,P,1014874,6552668
12118015,Conservatoire botanique national alpin,ROCVEG,8/27/2020,8/27/2020,Relevé de terrain,VALLEE Sophie / CARLSON Brad / RANDIN Christophe / ZIMMER Anaïs,,Glacier d'Orny,Glacier d'Orny,,,,,,10-25%,,,Band : 2001-2005,P,1014865,6552692
12118025,Conservatoire botanique national alpin,ROCVEG,8/28/2020,8/28/2020,Relevé de terrain,VALLEE Sophie / CARLSON Brad / RANDIN Christophe / ZIMMER Anaïs,,Glacier d'Orny,Glacier d'Orny,,,,,,10-25%,,,Band : 1985-2001,P,1014932,6552591
12118027,Conservatoire botanique national alpin,ROCVEG,8/28/2020,8/28/2020,Relevé de terrain,VALLEE Sophie / CARLSON Brad / RANDIN Christophe / ZIMMER Anaïs,,Glacier d'Orny,Glacier d'Orny,,,,,,5-10%,,,Band : 1985-2001,P,1014984,6552642
12118028,Conservatoire botanique national alpin,ROCVEG,8/28/2020,8/28/2020,Relevé de terrain,VALLEE Sophie / CARLSON Brad / RANDIN Christophe / ZIMMER Anaïs,,Glacier d'Orny,Glacier d'Orny,,,,,,5-10%,,,Band : 1985-2001,P,1014937,6552694
12118051,Conservatoire botanique national alpin,ROCVEG,8/28/2020,8/28/2020,Relevé de terrain,VALLEE Sophie / CARLSON Brad / RANDIN Christophe / ZIMMER Anaïs,,Glacier d'Orny,Glacier d'Orny,,,,,,5-10%,,,,P,1015006,6552686
12123258,Conservatoire botanique national alpin,ROCVEG,8/28/2020,8/28/2020,Relevé de terrain,VALLEE Sophie / CARLSON Brad / RANDIN Christophe / ZIMMER Anaïs,,Glacier d'Orny,Glacier d'Orny,,,,,,10-25%,,,,P,1015021,6552654
12123260,Conservatoire botanique national alpin,ROCVEG,8/28/2020,8/28/2020,Relevé de terrain,VALLEE Sophie / CARLSON Brad / RANDIN Christophe / ZIMMER Anaïs,,Glacier d'Orny,Glacier d'Orny,,,,,,10-25%,,,,P,1015042,6552664
12123261,Conservatoire botanique national alpin,ROCVEG,8/28/2020,8/28/2020,Relevé de terrain,VALLEE Sophie / CARLSON Brad / RANDIN Christophe / ZIMMER Anaïs,,Glacier d'Orny,Glacier d'Orny,,,,,,25-50%,,,,P,1015031,6552734
12123269,Conservatoire botanique national alpin,ROCVEG,8/28/2020,8/28/2020,Relevé de terrain,VALLEE Sophie / CARLSON Brad / RANDIN Christophe / ZIMMER Anaïs,,Glacier d'Orny,Glacier d'Orny,,,,,,5-10%,,,Band : 1985-2001,P,1014924,6552605
12123271,Conservatoire botanique national alpin,ROCVEG,8/28/2020,8/28/2020,Relevé de terrain,VALLEE Sophie / CARLSON Brad / RANDIN Christophe / ZIMMER Anaïs,,Glacier d'Orny,Glacier d'Orny,,,,,,5-10%,,,Band : 1985-2001,P,1014952,6552619
12123272,Conservatoire botanique national alpin,ROCVEG,8/28/2020,8/28/2020,Relevé de terrain,VALLEE Sophie / CARLSON Brad / RANDIN Christophe / ZIMMER Anaïs,,Glacier d'Orny,Glacier d'Orny,Total substrat: 94.5 ; Sand: 86.5,,,,,5-10%,,,Band : 1985-2001,P,1014918,6552672
12123275,Conservatoire botanique national alpin,ROCVEG,8/28/2020,8/28/2020,Relevé de terrain,VALLEE Sophie / CARLSON Brad / RANDIN Christophe / ZIMMER Anaïs,,Glacier d'Orny,Glacier d'Orny,,,,,,5-10%,,,Band : 1985-2001,P,1014916,6552711
12123299,Conservatoire botanique national alpin,ROCVEG,8/28/2020,8/28/2020,Relevé de terrain,VALLEE Sophie / CARLSON Brad / RANDIN Christophe / ZIMMER Anaïs,,Glacier d'Orny,Glacier d'Orny,,,,,,10-25%,,,,P,1014987,6552710
12123300,Conservatoire botanique national alpin,ROCVEG,8/28/2020,8/28/2020,Relevé de terrain,VALLEE Sophie / CARLSON Brad / RANDIN Christophe / ZIMMER Anaïs,,Glacier d'Orny,Glacier d'Orny,,,,,,5-10%,,,Band : 1985-2001,P,1015024,6552704
12123302,Conservatoire botanique national alpin,ROCVEG,8/28/2020,8/28/2020,Relevé de terrain,VALLEE Sophie / CARLSON Brad / RANDIN Christophe / ZIMMER Anaïs,,Glacier d'Orny,Glacier d'Orny,,,,,,50-75%,,,Band : 1985-2001,P,1015051,6552685
12123303,Conservatoire botanique national alpin,ROCVEG,8/28/2020,8/28/2020,Relevé de terrain,VALLEE Sophie / CARLSON Brad / RANDIN Christophe / ZIMMER Anaïs,,Glacier d'Orny,Glacier d'Orny,,,,,,10-25%,,,Band : 1985-2001,P,1015059,6552714
12123312,Conservatoire botanique national alpin,ROCVEG,8/26/2020,8/26/2020,Relevé de terrain,VALLEE Sophie / CARLSON Brad / RANDIN Christophe / ZIMMER Anaïs,,Glacier d'Orny,Glacier d'Orny,,,,,,25-50%,,,Band : LIA,P,1015238,6552442
12123315,Conservatoire botanique national alpin,ROCVEG,8/26/2020,8/26/2020,Relevé de terrain,VALLEE Sophie / CARLSON Brad / RANDIN Christophe / ZIMMER Anaïs,,Glacier d'Orny,Glacier d'Orny,Plant_Cover=44.5 ,,,,,25-50%,,,Band : LIA,P,1015218,6552430
12123321,Conservatoire botanique national alpin,ROCVEG,8/26/2020,8/26/2020,Relevé de terrain,VALLEE Sophie / CARLSON Brad / RANDIN Christophe / ZIMMER Anaïs,,Glacier d'Orny,Glacier d'Orny,Total (substrat): 44.5 ; Block: 15.5 ; Sand: 0.5,,,,,25-50%,,,Band : LIA,P,1015242,6552402
12123335,Conservatoire botanique national alpin,ROCVEG,9/7/2020,9/7/2020,Relevé de terrain,VALLEE Sophie / CARLSON Brad / RANDIN Christophe / ZIMMER Anaïs,,Glacier d'Orny,Glacier d'Orny,Slab: 15,,,,,50-75%,,,Band : LIA,P,1015395,6552417
12123345,Conservatoire botanique national alpin,ROCVEG,9/7/2020,9/7/2020,Relevé de terrain,VALLEE Sophie / CARLSON Brad / RANDIN Christophe / ZIMMER Anaïs,,Glacier d'Orny,Glacier d'Orny,,,,,,>75%,,,Band : LIA,P,1015414,6552269
12123347,Conservatoire botanique national alpin,ROCVEG,9/7/2020,9/7/2020,Relevé de terrain,VALLEE Sophie / CARLSON Brad / RANDIN Christophe / ZIMMER Anaïs,,Glacier d'Orny,Glacier d'Orny,,,,,,>75%,,,Band : LIA,P,1015404,6552496
12123348,Conservatoire botanique national alpin,ROCVEG,9/7/2020,9/7/2020,Relevé de terrain,VALLEE Sophie / CARLSON Brad / RANDIN Christophe / ZIMMER Anaïs,,Glacier d'Orny,Glacier d'Orny,Slab: 54,,,,,10-25%,,,Band : LIA,P,1015378,6552379
12123350,Conservatoire botanique national alpin,ROCVEG,9/7/2020,9/7/2020,Relevé de terrain,VALLEE Sophie / CARLSON Brad / RANDIN Christophe / ZIMMER Anaïs,,Glacier d'Orny,Glacier d'Orny,,,,,,50-75%,,,Band : LIA,P,1015347,6552323
12126989,Conservatoire botanique national alpin,ROCVEG,8/10/2020,8/10/2020,Relevé de terrain,VALLEE Sophie,73015,Glacier de Gébroulaz,Glacier de Gébroulaz,,,,,,<5%,,,Band : 2003-2008,P,984060,6474171
12126990,Conservatoire botanique national alpin,ROCVEG,8/10/2020,8/10/2020,Relevé de terrain,VALLEE Sophie,73015,Glacier de Gébroulaz,Glacier de Gébroulaz,,,,,,,,,Band : 2008-2018,P,984046,6474196
12126991,Conservatoire botanique national alpin,ROCVEG,8/10/2020,8/10/2020,Relevé de terrain,VALLEE Sophie,73015,Glacier de Gébroulaz,Glacier de Gébroulaz,,,,,,,,,Band : 2003-2009,P,984017,6474204
12126993,Conservatoire botanique national alpin,ROCVEG,8/10/2020,8/10/2020,Relevé de terrain,VALLEE Sophie,73015,Glacier de Gébroulaz,Glacier de Gébroulaz,,,,,,,,,Band : 2008-2019,P,983855,6474366
12126994,Conservatoire botanique national alpin,ROCVEG,8/10/2020,8/10/2020,Relevé de terrain,VALLEE Sophie,73015,Glacier de Gébroulaz,Glacier de Gébroulaz,,,,,,,,,Band : ZoneA,P,984222,6473811
12126995,Conservatoire botanique national alpin,ROCVEG,8/10/2020,8/10/2020,Relevé de terrain,VALLEE Sophie,73015,Glacier de Gébroulaz,Glacier de Gébroulaz,,,,,,,,,Band : ZoneA,P,984143,6474075
12126997,Conservatoire botanique national alpin,ROCVEG,8/10/2020,8/10/2020,Relevé de terrain,VALLEE Sophie,73015,Glacier de Gébroulaz,Glacier de Gébroulaz,Slab : 10%,,,,,,,,Band : ZoneA,P,984198,6473924
12126998,Conservatoire botanique national alpin,ROCVEG,8/10/2020,8/10/2020,Relevé de terrain,VALLEE Sophie,73015,Glacier de Gébroulaz,Glacier de Gébroulaz,,,,,,,,,Band : ZoneA,P,984234,6473791
12126999,Conservatoire botanique national alpin,ROCVEG,8/10/2020,8/10/2020,Relevé de terrain,VALLEE Sophie,73015,Glacier de Gébroulaz,Glacier de Gébroulaz,,,,,,,,,Band : ZoneA,P,984171,6473977
12127007,Conservatoire botanique national alpin,ROCVEG,7/12/2019,7/12/2019,Relevé de terrain,VALLEE Sophie / MERHAN Baptiste / CARLSON Brad / CHAUVEAU Aristide / ZIMMER Anaïs,74056,Glacier du Tour,,,,,,,,,,Band : 4,P,1005851,6552243
12127008,Conservatoire botanique national alpin,ROCVEG,7/8/2019,7/8/2019,Relevé de terrain,VALLEE Sophie / MERHAN Baptiste / CARLSON Brad / CHAUVEAU Aristide,74056,Glacier des Pélerins,,,,,,,,,,Band : 4,P,1000882,6540529
12127009,Conservatoire botanique national alpin,ROCVEG,7/8/2019,7/8/2019,Relevé de terrain,VALLEE Sophie / MERHAN Baptiste / CARLSON Brad / CHAUVEAU Aristide,74056,Glacier des Pélerins,,,,,,,,,,Band : 4,P,1000687,6540527
